Total Population Change - Decade,  Natural Increase - Decade,  Births - Decade,  Deaths - Decade,  Total - Decade,  International - Decade,  Domestic - Decade,  Total Population Change - Annual,  Natural Increase - Annual,  Births - Annual,  Deaths - Annual,  Total - Annual,  International - Annual,  Domestic - Annual
19,481,418, 11,621,558, 36,275,313, 24,653,755, 7,859,860, 7,859,860, 0, 1,552,022, 956,674, 3,791,712, 2,835,038, 595,348, 595,348, 0
6,808, 6,432, 21,881, 15,449, 431, 3,167, -2,736, 910, 609, 2,361, 1,752, 310, 220, 90
283, 3,307, 69,159, 65,852, -2,597, 13,086, -15,683, -376, 0, 7,196, 7,196, -354, 836, -1,190
-7,307, 5,423, 18,764, 13,341, -12,853, 865, -13,718, -1,114, 350, 1,891, 1,541, -1,465, 51, -1,516
13,068, 2,217, 13,642, 11,425, 10,883, 204, 10,679, 2,298, 202, 1,512, 1,310, 2,087, 21, 2,066
9,668, 11,001, 83,501, 72,500, -858, 16,398, -17,256, -1,882, 469, 8,704, 8,235, -2,342, 1,033, -3,375
30,955, 28,587, 95,682, 67,095, 2,884, 11,273, -8,389, 3,071, 1,577, 9,520, 7,943, 1,541, 753, 788
-1,881, 3,625, 18,768, 15,143, -5,434, 657, -6,091, -725, 250, 1,875, 1,625, -976, 15, -991
22,779, 4,407, 78,967, 74,560, 18,984, 24,110, -5,126, 1,426, 453, 8,556, 8,103, 1,008, 1,200, -192
-5,288, -3,044, 11,809, 14,853, -2,137, 266, -2,403, -674, -473, 1,146, 1,619, -195, 30, -225
13,118, 12,500, 33,935, 21,435, 497, 6,326, -5,829, 647, 990, 3,314, 2,324, -342, 482, -824
7,501, 3,771, 11,201, 7,430, 3,706, 6,347, -2,641, 258, 324, 1,140, 816, -69, 340, -409
15,496, 33,779, 54,430, 20,651, -18,670, 9,059, -27,729, -1,319, 2,798, 5,291, 2,493, -4,126, 380, -4,506
22,438, 13,531, 33,966, 20,435, 9,093, 18,202, -9,109, -1,882, 1,025, 3,473, 2,448, -2,938, 1,160, -4,098
-4,921, -926, 12,345, 13,271, -3,943, 554, -4,497, -726, -263, 1,269, 1,532, -461, 14, -475
12,307, 10,484, 25,919, 15,435, 1,991, 1,718, 273, 963, 982, 2,658, 1,676, -10, 117, -127
37,817, -4,461, 40,584, 45,045, 41,934, 901, 41,033, 3,366, -868, 4,264, 5,132, 4,224, 84, 4,140
21,183, 7,664, 20,479, 12,815, 13,387, 4,305, 9,082, 2,282, 661, 2,178, 1,517, 1,628, 352, 1,276
733,646, 343,765, 673,437, 329,672, 389,077, 144,048, 245,029, 75,061, 31,449, 72,487, 41,038, 43,584, 12,541, 31,043
-10,855, 3,762, 28,213, 24,451, -14,717, 7,275, -21,992, -319, -75, 2,718, 2,793, -236, 271, -507
24,255, 7,301, 16,800, 9,499, 16,776, 4,442, 12,334, 886, 692, 1,825, 1,133, 191, 303, -112
44,087, 19,584, 68,807, 49,223, 24,442, 5,614, 18,828, 4,759, 1,519, 7,311, 5,792, 3,252, 289, 2,963
510,760, 149,806, 239,673, 89,867, 355,902, 62,740, 293,162, 61,586, 14,670, 26,115, 11,445, 46,614, 5,280, 41,334
60,581, 74,264, 128,382, 54,118, -13,469, 7,091, -20,560, 6,444, 6,666, 13,144, 6,478, -210, 81, -291
89,455, 85,415, 309,615, 224,200, 5,900, 63,529, -57,629, -690, 5,871, 32,143, 26,272, -6,487, 4,412, -10,899
-1,783, -1,025, 13,391, 14,416, -654, 829, -1,483, 331, -216, 1,378, 1,594, 553, 62, 491
-2,890, -12,324, 14,442, 26,766, 9,657, 3,193, 6,464, -481, -1,393, 1,524, 2,917, 933, 317, 616
28,967, 39,336, 104,150, 64,814, -10,415, 7,906, -18,321, 358, 3,326, 10,800, 7,474, -2,986, 653, -3,639
-1,991, 1,283, 15,001, 13,718, -3,249, 2,544, -5,793, 110, 102, 1,497, 1,395, 14, 198, -184
-4,647, -1,418, 9,713, 11,131, -3,171, 186, -3,357, -576, -182, 981, 1,163, -389, -5, -384
3,814, 12,241, 49,027, 36,786, -8,395, 5,360, -13,755, -1,252, 925, 4,998, 4,073, -2,183, 353, -2,536
-9,147, -2,917, 12,607, 15,524, -6,186, 457, -6,643, -1,387, -597, 1,125, 1,722, -784, 0, -784
28,101, 6,275, 20,961, 14,686, 21,826, 3,788, 18,038, 4,050, 542, 2,204, 1,662, 3,490, 403, 3,087
39,964, 3,342, 16,324, 12,982, 36,236, -263, 36,499, 5,787, 309, 1,857, 1,548, 5,446, -52, 5,498
14,502, 4,545, 19,614, 15,069, 9,967, 598, 9,369, 1,464, 354, 2,007, 1,653, 1,115, 54, 1,061
-13,033, -434, 23,118, 23,552, -12,668, 3,636, -16,304, -1,675, -260, 2,345, 2,605, -1,420, 239, -1,659
29,396, 26,658, 126,000, 99,342, 3,387, 8,320, -4,933, 2,468, 1,728, 13,084, 11,356, 779, 671, 108
18,324, 6,700, 15,869, 9,169, 11,386, 1,131, 10,255, 670, 581, 1,636, 1,055, 91, 134, -43
4,571, 962, 13,760, 12,798, 3,636, 5,090, -1,454, 39, -13, 1,422, 1,435, 51, 283, -232
1,940, 8,212, 18,987, 10,775, -6,357, 6,019, -12,376, -893, 631, 1,877, 1,246, -1,535, 567, -2,102
9,695, 3,249, 13,902, 10,653, 6,496, 9,088, -2,592, 1,138, 203, 1,406, 1,203, 937, 1,223, -286
-2,361, -1,029, 7,446, 8,475, -1,264, 514, -1,778, -261, -225, 726, 951, -30, 8, -38
132,636, 36,840, 78,969, 42,129, 95,236, 6,060, 89,176, 20,291, 3,522, 8,479, 4,957, 16,684, -75, 16,759
320,424, 141,612, 475,777, 334,165, 182,147, 285,199, -103,052, 13,483, 12,428, 50,726, 38,298, 1,139, 24,391, -23,252
31,636, 10,172, 26,198, 16,026, 21,441, 8,470, 12,971, 1,560, 674, 2,609, 1,935, 896, 938, -42
20,627, 5,949, 19,566, 13,617, 14,662, 4,654, 10,008, 2,376, 697, 2,228, 1,531, 1,677, 107, 1,570
20,330, 8,056, 27,849, 19,793, 12,195, 2,148, 10,047, 2,197, 648, 3,023, 2,375, 1,544, 75, 1,469
26,428, 31,206, 92,947, 61,741, -4,739, 44,863, -49,602, -639, 2,643, 9,603, 6,960, -3,343, 4,737, -8,080
16,948, 41,223, 65,142, 23,919, -24,410, 4,200, -28,610, 1,024, 3,414, 6,202, 2,788, -2,396, 11, -2,407
6,394, 1,334, 12,065, 10,731, 5,067, 503, 4,564, 497, -32, 1,248, 1,280, 530, 8, 522
-7,631, -4, 111,885, 111,889, -6,892, 24,110, -31,002, -1,794, -324, 11,823, 12,147, -1,444, 1,339, -2,783
18,354, 2,158, 16,914, 14,756, 16,212, 701, 15,511, 2,995, 330, 1,976, 1,646, 2,655, 67, 2,588
9,147, 5,838, 20,120, 14,282, 3,497, 5,694, -2,197, 472, 487, 2,087, 1,600, -10, 323, -333
8,366, 5,788, 12,990, 7,202, 2,616, 1,323, 1,293, 790, 445, 1,319, 874, 348, 60, 288
-6,905, -503, 40,730, 41,233, -6,051, 1,073, -7,124, -810, -141, 4,254, 4,395, -652, 25, -677
151,822, -1,952, 60,521, 62,473, 152,286, 26,032, 126,254, 16,107, -1,190, 6,760, 7,950, 17,226, 2,183, 15,043
495, 1,287, 10,455, 9,168, -771, 1,220, -1,991, -103, 132, 1,080, 948, -234, 128, -362
-3,384, 1,846, 14,376, 12,530, -5,323, 2,432, -7,755, -930, 22, 1,431, 1,409, -954, 212, -1,166
647, -1,018, 5,427, 6,445, 1,641, -181, 1,822, 714, -39, 598, 637, 752, -43, 795
4,410, 3,455, 9,996, 6,541, 826, 506, 320, 683, 219, 953, 734, 464, 103, 361
15,084, 10,308, 30,195, 19,887, 4,995, 3,145, 1,850, 971, 948, 3,214, 2,266, 36, 185, -149
5,396, 3,065, 16,994, 13,929, 2,510, 1,461, 1,049, 448, 98, 1,730, 1,632, 359, 53, 306
8,227, 10,012, 23,441, 13,429, -1,912, 17,285, -19,197, -251, 857, 2,405, 1,548, -1,125, 1,607, -2,732
-20,911, -5,096, 27,559, 32,655, -15,683, 716, -16,399, -3,206, -920, 2,631, 3,551, -2,284, -25, -2,259
137,477, 34,811, 86,195, 51,384, 101,288, 8,231, 93,057, 14,000, 2,824, 9,350, 6,526, 11,128, 788, 10,340
392,920, 110,931, 281,325, 170,394, 280,220, 49,640, 230,580, 43,933, 10,605, 31,214, 20,609, 33,262, 5,120, 28,142
17,046, 5,913, 20,988, 15,075, 11,220, 6,113, 5,107, 1,280, 564, 2,290, 1,726, 719, 332, 387
37,068, 7,014, 58,213, 51,199, 30,065, 3,828, 26,237, 4,362, 336, 6,274, 5,938, 4,019, 424, 3,595
7,615, 4,474, 11,829, 7,355, 3,119, 429, 2,690, 635, 395, 1,269, 874, 243, 1, 242
-2,998, 438,246, 1,085,985, 647,739, -441,506, 197,093, -638,599, -25,619, 33,924, 108,425, 74,501, -59,693, 15,257, -74,950
-819, 782, 22,527, 21,745, -1,604, 1,640, -3,244, -11,153, -105, 2,422, 2,527, -11,146, 103, -11,249
83,495, 73,617, 253,180, 179,563, 11,213, 31,157, -19,944, 9,272, 6,613, 26,892, 20,279, 2,740, 1,547, 1,193
33,878, 27,663, 47,474, 19,811, 5,746, 6,228, -482, 3,519, 2,866, 5,245, 2,379, 641, -55, 696
9,195, 1,074, 12,549, 11,475, 8,139, 1,088, 7,051, 974, 58, 1,406, 1,348, 920, 170, 750
-28,828, 14,479, 212,523, 198,044, -42,445, 36,318, -78,763, -5,346, 539, 22,003, 21,464, -5,817, 1,433, -7,250
27,231, 4,026, 16,346, 12,320, 23,102, -645, 23,747, 4,488, 312, 1,815, 1,503, 4,159, -118, 4,277
36,060, 16,008, 28,760, 12,752, 19,989, 12,665, 7,324, 3,393, 1,511, 3,041, 1,530, 1,883, 1,063, 820
100,179, 47,495, 87,988, 40,493, 52,570, 11,220, 41,350, 8,589, 4,645, 9,688, 5,043, 3,922, 523, 3,399
17,775, 9,826, 22,230, 12,404, 7,970, 5,743, 2,227, 1,427, 897, 2,324, 1,427, 534, 534, 0
70,964, 25,002, 86,594, 61,592, 46,188, 13,450, 32,738, 6,743, 1,841, 9,110, 7,269, 4,913, 1,440, 3,473
12,570, 15,057, 42,452, 27,395, -3,121, 7,830, -10,951, 2,837, 1,184, 4,313, 3,129, 1,658, 358, 1,300
6,996, 2,922, 9,717, 6,795, 4,104, 3,974, 130, 1,057, 281, 1,015, 734, 780, 629, 151
220,263, 108,626, 251,291, 142,665, 112,154, 58,853, 53,301, 18,077, 10,392, 27,096, 16,704, 7,778, 4,032, 3,746
23,999, 21,115, 53,060, 31,945, 2,943, 5,884, -2,941, 327, 1,822, 5,382, 3,560, -1,497, 392, -1,889
7,472, 1,494, 6,730, 5,236, 5,963, 4,555, 1,408, 611, 117, 701, 584, 499, 331, 168
48,939, 10,408, 31,828, 21,420, 38,062, 3,974, 34,088, 7,143, 814, 3,472, 2,658, 6,294, 81, 6,213
-5,988, -2,669, 8,748, 11,417, -3,284, 583, -3,867, -610, -328, 889, 1,217, -279, 38, -317
1,206,599, 517,590, 903,051, 385,461, 686,884, 237,927, 448,957, 117,380, 50,600, 97,911, 47,311, 66,665, 20,064, 46,601
2,491, 6,549, 17,422, 10,873, -4,009, 625, -4,634, 532, 527, 1,780, 1,253, 8, 62, -54
-5,867, 484, 9,452, 8,968, -6,361, 214, -6,575, -944, -27, 918, 945, -918, 19, -937
40,969, 1,650, 20,641, 18,991, 38,880, 1,343, 37,537, 5,379, -22, 2,304, 2,326, 5,377, 80, 5,297
-509, 8,550, 43,301, 34,751, -8,953, 5,209, -14,162, -872, 560, 4,349, 3,789, -1,425, 362, -1,787
8,331, 10,890, 88,783, 77,893, -2,113, 13,473, -15,586, 2,523, 885, 9,391, 8,506, 1,681, 785, 896
-1,224, 915, 16,512, 15,597, -2,051, 998, -3,049, 459, 7, 1,751, 1,744, 464, 110, 354
-6,768, 1,045, 12,367, 11,322, -7,840, 463, -8,303, -495, 35, 1,258, 1,223, -530, 34, -564
78,077, -21,838, 52,064, 73,902, 99,352, 11,264, 88,088, 10,179, -2,823, 5,740, 8,563, 12,953, 441, 12,512
423,631, 162,267, 320,151, 157,884, 257,992, 61,997, 195,995, 35,574, 14,935, 34,138, 19,203, 20,531, 7,266, 13,265
92,818, 40,673, 85,530, 44,857, 51,899, 11,716, 40,183, 8,377, 4,136, 9,311, 5,175, 4,237, 519, 3,718
23,402, 84,753, 462,696, 377,943, -61,318, 110,907, -172,225, -2,455, 6,728, 48,879, 42,151, -9,139, 7,516, -16,655
3,718, 1,157, 16,420, 15,263, 2,667, 213, 2,454, 1,109, 34, 1,749, 1,715, 1,080, 3, 1,077
18,436, 6,171, 20,448, 14,277, 12,260, 2,127, 10,133, 2,246, 370, 2,127, 1,757, 1,874, 62, 1,812
3,668, 2,707, 11,009, 8,302, 1,034, 815, 219, 389, 229, 1,136, 907, 166, 60, 106
-1,904, -1,025, 26,864, 27,889, -609, 1,537, -2,146, -528, -270, 2,746, 3,016, -243, 76, -319
80,174, 25,573, 65,747, 40,174, 54,198, 19,005, 35,193, 6,866, 2,122, 7,029, 4,907, 4,734, 1,848, 2,886
430, 72, 13,202, 13,130, 344, 2,408, -2,064, 977, -73, 1,545, 1,618, 1,064, 153, 911
7,921, 4,752, 17,465, 12,713, 3,273, 1,041, 2,232, 840, 476, 1,808, 1,332, 370, 95, 275
6,691, 18,410, 27,894, 9,484, -11,851, 2,063, -13,914, -308, 1,649, 2,728, 1,079, -1,967, 33, -2,000
5,597, 6,204, 18,197, 11,993, -784, 2,157, -2,941, 727, 506, 1,888, 1,382, 227, -76, 303
8,772, 13,069, 28,381, 15,312, -4,216, 985, -5,201, 724, 1,385, 3,054, 1,669, -661, 209, -870
-5,391, 94, 8,887, 8,793, -5,499, 356, -5,855, -479, -84, 859, 943, -394, 17, -411
40,015, 74,054, 121,572, 47,518, -34,305, 18,153, -52,458, 2,511, 6,085, 11,654, 5,569, -3,575, 225, -3,800
476, 2,377, 8,684, 6,307, -1,882, 1,641, -3,523, -39, 243, 864, 621, -283, 147, -430
-10,856, 2,456, 28,804, 26,348, -13,316, 5,680, -18,996, -1,816, 54, 2,855, 2,801, -1,872, 525, -2,397
30,362, 588, 32,589, 32,001, 29,917, 5,052, 24,865, 3,518, -206, 3,425, 3,631, 3,717, 230, 3,487
3,538, 4,334, 34,097, 29,763, -558, 1,942, -2,500, 426, 161, 3,448, 3,287, 279, 274, 5
-736, 11,008, 15,436, 4,428, -11,928, 2,339, -14,267, -1,716, 1,027, 1,533, 506, -2,747, 16, -2,763
37,368, 16,854, 30,570, 13,716, 20,299, 6,674, 13,625, 1,834, 1,793, 3,362, 1,569, 48, 516, -468
-6,087, 6,996, 16,172, 9,176, -13,162, 109, -13,271, -1,541, 301, 1,410, 1,109, -1,849, -12, -1,837
45,708, 42,745, 77,225, 34,480, 1,623, 14,235, -12,612, 4,258, 3,985, 8,096, 4,111, 271, 363, -92
94,783, 32,777, 64,207, 31,430, 61,505, 10,695, 50,810, 9,665, 3,594, 7,154, 3,560, 6,043, 266, 5,777
9,050, 7,792, 15,157, 7,365, 1,238, 1,311, -73, 953, 612, 1,513, 901, 338, 25, 313
-19,974, 4,066, 45,082, 41,016, -24,248, 1,840, -26,088, -875, 43, 4,600, 4,557, -909, 117, -1,026
-665, 1,762, 23,172, 21,410, -2,246, 819, -3,065, -125, -47, 2,351, 2,398, -69, 128, -197
833, -2,523, 14,204, 16,727, 3,481, 767, 2,714, 362, -349, 1,506, 1,855, 719, 108, 611
1,780, 1,399, 10,048, 8,649, 432, 1,265, -833, 402, 157, 1,068, 911, 253, 74, 179
57,269, 11,605, 31,320, 19,715, 45,121, 4,487, 40,634, 6,239, 1,042, 3,337, 2,295, 5,175, 537, 4,638
2,128, 5,187, 29,653, 24,466, -2,941, 1,267, -4,208, 70, 559, 3,228, 2,669, -482, -24, -458
24,637, 20,290, 51,797, 31,507, 4,659, 5,989, -1,330, 4,137, 2,090, 5,564, 3,474, 2,059, 759, 1,300
68,594, 80,755, 142,608, 61,853, -11,772, 9,639, -21,411, 7,151, 7,039, 14,506, 7,467, 131, 479, -348
-2,161, -1,921, 10,979, 12,900, -142, 273, -415, -343, -312, 1,175, 1,487, -25, 37, -62
24,052, 7,889, 31,837, 23,948, 16,211, 10,747, 5,464, 1,195, 528, 3,366, 2,838, 661, 800, -139
24,717, 10,762, 23,794, 13,032, 13,974, 1,471, 12,503, 2,903, 986, 2,586, 1,600, 1,903, 73, 1,830
1,581, 189, 9,396, 9,207, 1,470, 544, 926, -53, -53, 960, 1,013, 4, 54, -50
-3,798, -1,334, 10,739, 12,073, -2,387, 350, -2,737, -341, -281, 1,074, 1,355, -53, 30, -83
470, 4,411, 15,461, 11,050, -3,928, 2,638, -6,566, -106, 224, 1,608, 1,384, -328, 214, -542
2,351, 5,350, 13,041, 7,691, -3,007, 1,946, -4,953, -951, 525, 1,395, 870, -1,481, 96, -1,577
2,809, 4,006, 10,352, 6,346, -1,166, 2,408, -3,574, 77, 448, 1,111, 663, -370, 208, -578
7,477, 3,078, 16,342, 13,264, 4,431, -173, 4,604, 1,259, 116, 1,631, 1,515, 1,137, -13, 1,150
83,707, 55,687, 125,556, 69,869, 28,532, 17,629, 10,903, 6,000, 5,392, 13,339, 7,947, 647, 1,316, -669
4,768, -3,219, 7,810, 11,029, 7,981, -140, 8,121, 337, -324, 866, 1,190, 667, -26, 693
40, 2,825, 10,524, 7,699, -2,753, 759, -3,512, -322, 269, 1,054, 785, -589, 6, -595
71,665, 22,092, 37,587, 15,495, 49,035, 2,484, 46,551, 9,677, 2,504, 4,360, 1,856, 7,141, 363, 6,778
16,665, 13,646, 36,179, 22,533, 3,288, 3,355, -67, 1,522, 1,359, 3,759, 2,400, 171, 178, -7
47,928, 17,401, 79,920, 62,519, 31,027, 12,830, 18,197, 5,378, 1,171, 8,520, 7,349, 4,239, 1,182, 3,057
12,566, 7,944, 19,462, 11,518, 4,658, 1,371, 3,287, 1,167, 621, 2,053, 1,432, 545, 101, 444
96,446, 21,138, 96,861, 75,723, 75,133, 13,917, 61,216, 13,449, 1,764, 10,516, 8,752, 11,656, 1,825, 9,831
29,074, 10,483, 46,703, 36,220, 18,654, 5,595, 13,059, 2,979, 758, 4,842, 4,084, 2,219, 173, 2,046
18,958, 4,626, 29,793, 25,167, 14,324, 1,742, 12,582, 2,382, 279, 3,174, 2,895, 2,108, 14, 2,094
13,649, 6,635, 17,863, 11,228, 7,015, 508, 6,507, 921, 570, 1,953, 1,383, 351, 1, 350
-34, 14,271, 21,880, 7,609, -14,649, 695, -15,344, 1,558, 1,434, 2,321, 887, 123, -74, 197
28,497, 11,803, 60,274, 48,471, 17,028, 14,620, 2,408, 3,792, 1,071, 6,430, 5,359, 2,749, 1,084, 1,665
9,743, 4,037, 13,181, 9,144, 5,728, 4,229, 1,499, 215, 380, 1,435, 1,055, -169, 257, -426
-7,594, 13,025, 110,209, 97,184, -20,759, 47,395, -68,154, -1,262, 633, 11,508, 10,875, -1,910, 4,140, -6,050
6,431, 6,332, 20,737, 14,405, 32, 1,356, -1,324, 557, 609, 2,158, 1,549, -54, 190, -244
3,917, -1,716, 34,817, 36,533, 5,910, 2,924, 2,986, 1,262, -424, 3,691, 4,115, 1,703, 356, 1,347
35,185, 5,746, 21,847, 16,101, 29,093, 3,536, 25,557, 4,172, 266, 2,289, 2,023, 3,884, 244, 3,640
3,065, 11,489, 15,546, 4,057, -8,903, 2,563, -11,466, 1,297, 1,134, 1,631, 497, 165, -44, 209
8,427, -13,385, 9,689, 23,074, 21,756, 331, 21,425, 1,975, -1,640, 1,066, 2,706, 3,601, -18, 3,619
3,387, -2,502, 10,186, 12,688, 5,924, -10, 5,934, 420, -276, 1,071, 1,347, 699, -27, 726
-110, 8,581, 26,337, 17,756, -8,622, 1,553, -10,175, -1,069, 591, 2,623, 2,032, -1,659, 49, -1,708
1,145,654, 540,027, 889,610, 349,583, 602,610, 333,553, 269,057, 89,994, 52,016, 95,261, 43,245, 37,893, 30,746, 7,147
-15,026, -3,285, 37,621, 40,906, -11,546, 359, -11,905, -3,196, -808, 3,608, 4,416, -2,388, -70, -2,318
54,231, 13,388, 47,880, 34,492, 40,771, 4,833, 35,938, 8,643, 1,087, 5,256, 4,169, 7,528, 262, 7,266
18,199, 13,197, 22,463, 9,266, 5,038, 222, 4,816, 3,094, 1,350, 2,402, 1,052, 1,741, -34, 1,775
186,462, 97,491, 246,099, 148,608, 89,578, 43,502, 46,076, 22,169, 9,622, 26,300, 16,678, 12,590, 6,394, 6,196
20,519, 10,606, 19,234, 8,628, 9,929, 7,862, 2,067, 498, 1,015, 2,005, 990, -520, 477, -997
588, 1,506, 7,735, 6,229, -981, 6,686, -7,667, -239, 106, 742, 636, -350, 447, -797
-1,723, 1,215, 16,506, 15,291, -2,843, 698, -3,541, -56, 120, 1,743, 1,623, -170, 30, -200
7,691, 21,259, 70,872, 49,613, -13,741, 4,965, -18,706, -2,570, 1,480, 7,091, 5,611, -4,062, 457, -4,519
-1,067, 1,711, 20,312, 18,601, -2,675, 730, -3,405, 329, 123, 2,101, 1,978, 214, 92, 122
213,920, 52,866, 167,526, 114,660, 160,572, 34,089, 126,483, 26,851, 4,503, 18,592, 14,089, 22,302, 2,251, 20,051
20,137, 29,255, 38,784, 9,529, -10,285, 7,624, -17,909, 1,023, 2,857, 3,951, 1,094, -1,815, -2, -1,813
3,029, 4,270, 17,881, 13,611, -1,131, 397, -1,528, 480, 406, 1,877, 1,471, 81, 39, 42
1,415, 4,291, 16,332, 12,041, -2,813, 962, -3,775, -277, 264, 1,680, 1,416, -540, 88, -628
4,892, -3,314, 18,323, 21,637, 8,285, 1,307, 6,978, 749, -537, 1,869, 2,406, 1,291, 200, 1,091
-13,503, -4,708, 12,304, 17,012, -8,837, 384, -9,221, -1,257, -509, 1,218, 1,727, -745, 29, -774
12,841, 4,763, 16,354, 11,591, 8,072, 1,239, 6,833, 1,141, 402, 1,766, 1,364, 739, 43, 696
4,055, 5,310, 22,013, 16,703, -1,152, 1,212, -2,364, 951, 424, 2,235, 1,811, 532, 106, 426
12,577, 7,138, 18,012, 10,874, 5,518, 6,138, -620, 445, 388, 1,834, 1,446, 65, 582, -517
14,739, 9,446, 28,774, 19,328, 5,485, 4,483, 1,002, 386, 801, 3,010, 2,209, -412, 303, -715
-3,588, 1,946, 12,271, 10,325, -5,547, 530, -6,077, -91, 73, 1,240, 1,167, -163, 29, -192
148,635, 98,218, 253,384, 155,166, 51,716, 27,259, 24,457, 13,563, 8,805, 26,497, 17,692, 4,814, 2,377, 2,437
46,284, 23,159, 39,288, 16,129, 23,058, 3,571, 19,487, 4,323, 2,224, 4,151, 1,927, 2,100, 316, 1,784
54,995, 43,397, 68,686, 25,289, 11,142, 13,598, -2,456, 9,031, 4,057, 7,039, 2,982, 4,937, 125, 4,812
-2,291, -9,185, 26,943, 36,128, 7,135, -122, 7,257, 466, -1,151, 2,776, 3,927, 1,627, -19, 1,646
-4,946, -1,139, 14,405, 15,544, -3,751, 2,456, -6,207, -845, -310, 1,433, 1,743, -529, 148, -677
54,021, 1,643, 84,244, 82,601, 52,546, 7,094, 45,452, 7,812, -260, 8,995, 9,255, 8,067, 985, 7,082
-204, 153, 9,085, 8,932, -290, 341, -631, 287, -4, 946, 950, 298, 37, 261
2,958, 2,447, 13,220, 10,773, 572, 341, 231, 3, 171, 1,364, 1,193, -160, -11, -149
22,474, 23,870, 62,244, 38,374, -1,317, 4,234, -5,551, -473, 1,726, 6,331, 4,605, -2,196, 222, -2,418
22,692, 10,837, 24,792, 13,955, 11,914, 15,527, -3,613, 2,064, 1,057, 2,617, 1,560, 999, 2,091, -1,092
10,769, 7,932, 26,736, 18,804, 2,976, 1,153, 1,823, 219, 867, 2,983, 2,116, -647, 54, -701
11,999, -9,685, 16,886, 26,571, 21,585, -1,496, 23,081, 2,889, -1,623, 1,752, 3,375, 4,478, -246, 4,724
122,704, 9,786, 69,821, 60,035, 112,597, 23,260, 89,337, 18,180, 806, 8,043, 7,237, 17,311, 673, 16,638
26,281, 20,139, 65,415, 45,276, 6,589, 11,759, -5,170, 1,755, 1,972, 7,132, 5,160, -205, 647, -852
15,707, 14,093, 54,679, 40,586, 1,625, 19,865, -18,240, 1,717, 1,125, 5,702, 4,577, 612, 1,452, -840
26,348, 36,433, 48,554, 12,121, -10,078, 7,043, -17,121, 1,532, 3,357, 4,735, 1,378, -1,831, 377, -2,208
8,978, 12,954, 27,022, 14,068, -4,004, 2,240, -6,244, 917, 1,015, 2,630, 1,615, -96, 128, -224
315,447, 105,372, 247,787, 142,415, 208,889, 23,319, 185,570, 40,600, 9,129, 27,048, 17,919, 31,283, -360, 31,643
11,433, 4,907, 11,149, 6,242, 6,564, 5,122, 1,442, 1,150, 420, 1,107, 687, 729, 387, 342
-3,873, 7,691, 17,852, 10,161, -11,769, 2,831, -14,600, 67, 523, 1,693, 1,170, -454, 56, -510
8,196, 1,613, 15,092, 13,479, 6,716, 4,877, 1,839, 454, 77, 1,581, 1,504, 384, 124, 260
2,097, -293, 6,567, 6,860, 2,421, -204, 2,625, 118, -38, 680, 718, 161, -47, 208
568, 1,802, 11,771, 9,969, -1,187, 1,143, -2,330, 363, 124, 1,208, 1,084, 242, 92, 150
44,953, 21,545, 57,894, 36,349, 23,522, 11,848, 11,674, 2,118, 1,933, 6,086, 4,153, 195, 259, -64
-3,962, 1,560, 11,697, 10,137, -5,522, 175, -5,697, -374, 135, 1,214, 1,079, -509, -8, -501
34,217, 18,243, 38,980, 20,737, 16,106, 8,917, 7,189, 2,574, 1,770, 4,077, 2,307, 814, 808, 6
42,594, 28,130, 88,569, 60,439, 14,662, 7,696, 6,966, 2,303, 2,179, 9,010, 6,831, 143, 168, -25
16,723, 17,562, 23,357, 5,795, -854, 2,240, -3,094, 2,061, 1,730, 2,396, 666, 330, 233, 97
6,650, 7,553, 34,504, 26,951, -805, 1,888, -2,693, 1,342, 362, 3,364, 3,002, 992, 46, 946
8,185, 1,106, 11,376, 10,270, 7,099, 265, 6,834, 1,841, 153, 1,287, 1,134, 1,686, 22, 1,664
385,842, 753,642, 1,500,780, 747,138, -362,998, 377,442, -740,440, -35,080, 59,687, 149,369, 89,682, -94,938, 27,228, -122,166
62,422, 31,671, 141,702, 110,031, 31,536, 20,169, 11,367, 3,085, 2,852, 14,990, 12,138, 278, 671, -393
31,368, 15,696, 38,925, 23,229, 15,616, 3,403, 12,213, 3,018, 1,354, 4,068, 2,714, 1,666, 252, 1,414
10,912, 1,841, 26,279, 24,438, 9,174, 3,531, 5,643, 673, 40, 2,844, 2,804, 643, 267, 376
-2,249, 4,907, 27,200, 22,293, -7,136, 1,769, -8,905, 402, 41, 2,694, 2,653, 378, 143, 235
6,493, 11,128, 20,999, 9,871, -4,704, -383, -4,321, 445, 1,048, 2,108, 1,060, -603, -139, -464
59,399, 28,060, 67,559, 39,499, 31,480, 15,600, 15,880, 4,938, 2,535, 6,988, 4,453, 2,406, 988, 1,418
16,319, 9,873, 39,447, 29,574, 6,672, 13,569, -6,897, 2,395, 758, 4,148, 3,390, 1,652, 1,002, 650
3,191, 15,192, 21,877, 6,685, -12,490, 7,782, -20,272, -1,413, 1,310, 2,052, 742, -2,728, 446, -3,174
5,185, 3,828, 10,317, 6,489, 1,386, 1,510, -124, 350, 339, 1,068, 729, 12, 137, -125
-3,320, -161, 12,743, 12,904, -3,129, 238, -3,367, 167, -78, 1,319, 1,397, 251, 11, 240
93,943, 105,539, 143,366, 37,827, -11,366, 11,748, -23,114, 6,409, 9,457, 14,054, 4,597, -3,056, -18, -3,038
17,740, 44, 21,343, 21,299, 17,697, -141, 17,838, 1,533, -74, 2,251, 2,325, 1,611, -41, 1,652
29,943, 64,370, 170,921, 106,551, -34,521, 13,637, -48,158, 3,548, 5,367, 17,720, 12,353, -1,816, 1,656, -3,472
21,884, 23,063, 38,618, 15,555, -1,110, 463, -1,573, 3,529, 2,299, 4,086, 1,787, 1,237, -144, 1,381
600,214, 178,095, 626,897, 448,802, 422,703, 615,283, -192,580, 22,651, 14,384, 67,565, 53,181, 8,204, 58,819, -50,615
-1,578, 1,109, 12,075, 10,966, -2,616, 81, -2,697, -93, 33, 1,248, 1,215, -120, 7, -127
-465, 1,232, 7,933, 6,701, -1,688, 1,160, -2,848, -67, 112, 855, 743, -177, 64, -241
40,932, 15,880, 26,136, 10,256, 24,557, 3,307, 21,250, 4,417, 1,894, 3,084, 1,190, 2,509, 328, 2,181
19,225, 59,009, 182,815, 123,806, -39,097, 25,298, -64,395, 1,184, 5,117, 18,927, 13,810, -3,863, 1,277, -5,140
306,415, 209,124, 419,634, 210,510, 99,485, 87,847, 11,638, 29,982, 20,312, 44,602, 24,290, 9,847, 6,645, 3,202
10,304, 3,212, 11,126, 7,914, 7,109, 1,271, 5,838, 960, 244, 1,131, 887, 715, 112, 603
-1,183, 11,538, 53,087, 41,549, -12,486, 4,885, -17,371, -774, 841, 5,608, 4,767, -1,606, 280, -1,886
36,210, 32,649, 70,420, 37,771, 3,879, 4,607, -728, 2,534, 3,076, 7,393, 4,317, -535, 144, -679
-4,226, 6,291, 26,371, 20,080, -10,438, 779, -11,217, -1,877, 363, 2,606, 2,243, -2,241, 44, -2,285
-1,531, 841, 14,053, 13,212, -2,352, 285, -2,637, 326, -22, 1,459, 1,481, 359, -10, 369
-1,250, 12,067, 44,789, 32,722, -13,366, 4,233, -17,599, 268, 1,063, 4,730, 3,667, -792, 329, -1,121
9,342, 3,498, 13,166, 9,668, 5,765, 3,321, 2,444, -160, 285, 1,380, 1,095, -440, -26, -414
5,891, -1,020, 13,994, 15,014, 6,971, 839, 6,132, 971, -213, 1,475, 1,688, 1,184, 72, 1,112
12,313, 2,574, 13,426, 10,852, 9,769, 1,610, 8,159, 1,370, 166, 1,431, 1,265, 1,200, 170, 1,030
-3,535, -272, 11,071, 11,343, -3,241, 1,422, -4,663, -162, -106, 1,081, 1,187, -53, 180, -233
1,372, 3,782, 19,514, 15,732, -2,385, 547, -2,932, -33, 301, 2,071, 1,770, -330, 32, -362
120,326, -3,999, 38,280, 42,279, 122,581, 2,288, 120,293, 15,916, -1,429, 4,188, 5,617, 17,201, 257, 16,944
1,209, 1,784, 13,062, 11,278, -469, 1,157, -1,626, -1,045, -44, 1,235, 1,279, -998, -13, -985
63,380, 109, 29,806, 29,697, 63,056, 20,167, 42,889, 6,701, -707, 3,160, 3,867, 7,391, 1,906, 5,485
288,134, 88,741, 216,969, 128,228, 197,758, 39,422, 158,336, 29,591, 9,186, 24,308, 15,122, 20,419, 4,937, 15,482
-2,524, 3,352, 15,570, 12,218, -5,909, 2,182, -8,091, -300, 200, 1,510, 1,310, -491, 20, -511
-7,685, 10,560, 81,952, 71,392, -18,293, 32,843, -51,136, -2,214, 625, 8,512, 7,887, -2,858, 2,740, -5,598
80,639, 43,608, 145,792, 102,184, 36,032, 20,800, 15,232, 397, 2,990, 15,084, 12,094, -2,550, 1,682, -4,232
319,905, 932,102, 2,218,113, 1,286,011, -611,662, 837,005, -1,448,667, -60,462, 76,764, 228,660, 151,896, -137,415, 58,630, -196,045
-3,407, 733, 16,572, 15,839, -4,107, 3,175, -7,282, -389, 8, 1,696, 1,688, -392, 216, -608
134,683, -26,920, 58,378, 85,298, 160,197, 17,686, 142,511, 16,279, -4,144, 6,317, 10,461, 20,333, 1,434, 18,899
-8,864, 2,357, 24,643, 22,286, -11,261, 6,111, -17,372, -1,079, -19, 2,502, 2,521, -1,059, 326, -1,385
34,280, -12,786, 31,649, 44,435, 46,967, 4,122, 42,845, 6,517, -1,667, 3,495, 5,162, 8,151, 15, 8,136
-5,218, -4,081, 7,966, 12,047, -1,037, 1,060, -2,097, -407, -565, 734, 1,299, 166, -15, 181
29,087, 15,113, 26,048, 10,935, 13,561, 2,296, 11,265, 4,263, 1,687, 2,915, 1,228, 2,562, 238, 2,324
86,702, 63,341, 98,076, 34,735, 23,625, 4,772, 18,853, 10,204, 6,365, 10,133, 3,768, 3,835, 433, 3,402
155,948, 65,613, 171,439, 105,826, 89,914, 24,684, 65,230, 15,345, 5,539, 17,576, 12,037, 9,812, 1,778, 8,034
38,276, 9,076, 28,792, 19,716, 29,233, 4,982, 24,251, 4,480, 758, 3,135, 2,377, 3,713, 362, 3,351
84,095, 60,276, 122,306, 62,030, 24,322, 16,785, 7,537, 8,472, 5,917, 12,848, 6,931, 2,585, 1,517, 1,068
473,748, 103,875, 259,676, 155,801, 368,588, 181,996, 186,592, 33,309, 10,064, 29,522, 19,458, 23,227, 9,517, 13,710
4,907, 3,727, 17,264, 13,537, 1,311, 1,101, 210, 1,029, 286, 1,783, 1,497, 748, 65, 683
4,694, 2,968, 14,338, 11,370, 1,824, 1,091, 733, 561, 282, 1,516, 1,234, 283, 42, 241
22,608, 41,771, 93,266, 51,495, -18,720, 7,250, -25,970, -2,136, 2,920, 9,161, 6,241, -5,053, 140, -5,193
58,570, -15,771, 47,809, 63,580, 74,263, 9,438, 64,825, 6,739, -2,210, 5,258, 7,468, 8,938, 429, 8,509
5,855, 3,934, 20,996, 17,062, 1,770, 3,938, -2,168, -11,535, 233, 2,222, 1,989, -11,803, 277, -12,080
-3,328, -1,046, 9,349, 10,395, -2,196, -122, -2,074, -652, -216, 916, 1,132, -437, -24, -413
53,638, 10,215, 53,258, 43,043, 43,221, 6,040, 37,181, 8,230, 547, 5,775, 5,228, 7,649, 136, 7,513
-15,692, 7,578, 47,244, 39,666, -23,246, 3,815, -27,061, -2,767, 382, 4,733, 4,351, -3,149, 339, -3,488
136,757, 155,315, 658,315, 503,000, -14,959, 156,632, -171,591, 11,226, 10,873, 68,207, 57,334, 675, 10,719, -10,044
755,074, 247,209, 540,924, 293,715, 505,500, 106,785, 398,715, 98,994, 20,937, 57,290, 36,353, 77,664, 6,007, 71,657
-12,485, 188, 10,145, 9,957, -12,826, 182, -13,008, -1,442, -98, 963, 1,061, -1,346, 6, -1,352
-38,694, -35,527, 218,159, 253,686, -1,150, 30,654, -31,804, -5,053, -4,817, 22,570, 27,387, -103, 2,555, -2,658
-6,330, -3,812, 9,885, 13,697, -2,447, 2,422, -4,869, -957, -467, 993, 1,460, -487, 175, -662
4,828, 5,945, 12,890, 6,945, -1,126, 1,771, -2,897, 1,115, 515, 1,285, 770, 598, 65, 533
24,392, 762, 45,771, 45,009, 23,980, 6,493, 17,487, 3,268, -359, 4,834, 5,193, 3,637, 463, 3,174
266,409, 96,518, 253,110, 156,592, 169,456, 47,983, 121,473, 19,062, 7,746, 26,204, 18,458, 11,334, 2,960, 8,374
65,190, -6,266, 39,334, 45,600, 71,121, 8,993, 62,128, 8,130, -1,187, 4,340, 5,527, 9,292, 674, 8,618
8,878, 22,759, 69,991, 47,232, -13,931, 7,540, -21,471, 3,093, 1,978, 7,627, 5,649, 1,154, 377, 777
24,082, -9,511, 17,021, 26,532, 33,299, 303, 32,996, 3,327, -1,260, 1,782, 3,042, 4,564, -72, 4,636
23,372, 13,788, 152,794, 139,006, 10,512, 49,015, -38,503, 2,199, 993, 16,182, 15,189, 1,270, 4,455, -3,185
121,367, 90,108, 112,018, 21,910, 31,402, 7,531, 23,871, 15,103, 9,594, 12,092, 2,498, 5,473, 973, 4,500
9,361, 1,417, 17,214, 15,797, 8,038, 458, 7,580, 1,002, -26, 1,808, 1,834, 1,033, 65, 968
28,943, -13,671, 9,494, 23,165, 42,167, 2,281, 39,886, 4,061, -1,794, 1,047, 2,841, 5,834, 160, 5,674
883, 5,764, 21,964, 16,200, -4,815, 747, -5,562, -46, 593, 2,257, 1,664, -637, -4, -633
260,292, 78,009, 144,250, 66,241, 180,756, 34,019, 146,737, 29,195, 7,260, 15,730, 8,470, 21,865, 3,389, 18,476
15,707, 7,137, 16,847, 9,710, 8,515, 1,048, 7,467, 1,953, 625, 1,752, 1,127, 1,318, -22, 1,340
9,594, 8,976, 44,567, 35,591, 764, 13,606, -12,842, 635, 823, 4,708, 3,885, -177, 694, -871
2,859, -1,229, 19,093, 20,322, 4,297, 1,965, 2,332, 371, -320, 1,977, 2,297, 707, 193, 514
50,200, 14,812, 49,609, 34,797, 35,266, -307, 35,573, 7,307, 1,217, 5,270, 4,053, 6,045, -391, 6,436
105,429, 39,426, 135,249, 95,823, 66,135, 27,868, 38,267, 10,847, 3,607, 14,752, 11,145, 7,285, 1,641, 5,644
425,683, 289,072, 560,691, 271,619, 138,230, 26,965, 111,265, 38,089, 25,452, 58,823, 33,371, 12,721, 465, 12,256
4,556, -2,224, 30,071, 32,295, 6,997, 5,798, 1,199, 189, -670, 3,040, 3,710, 883, 349, 534
15,033, 12,126, 26,680, 14,554, 3,014, 5,386, -2,372, 2,107, 1,142, 2,813, 1,671, 969, 449, 520
-10,060, 16,070, 105,986, 89,916, -25,978, 20,870, -46,848, -1,977, 983, 10,865, 9,882, -2,947, 885, -3,832
-13,315, 8,421, 38,636, 30,215, -21,938, 3,511, -25,449, -994, 664, 4,009, 3,345, -1,660, 331, -1,991
-6,598, 580, 15,786, 15,206, -7,205, 380, -7,585, -308, -25, 1,650, 1,675, -278, 47, -325
2,184, 1,210, 10,991, 9,781, 1,035, 1,375, -340, 534, -7, 1,133, 1,140, 543, 152, 391
214,580, 94,910, 252,144, 157,234, 120,948, 51,225, 69,723, 21,790, 7,819, 26,752, 18,933, 13,994, 4,053, 9,941
-9,630, 1,529, 20,833, 19,304, -11,236, 1,809, -13,045, -252, 50, 2,188, 2,138, -296, 125, -421
12,871, 11,239, 23,588, 12,349, 1,686, 5,396, -3,710, 1,798, 1,203, 2,577, 1,374, 602, 606, -4
39,441, 9,223, 20,632, 11,409, 29,998, 100, 29,898, 5,989, 876, 2,244, 1,368, 5,085, 57, 5,028
-2,096, 1,972, 14,117, 12,145, -4,042, 1,720, -5,762, -775, 186, 1,425, 1,239, -959, 157, -1,116
15,477, 68,389, 310,273, 241,884, -52,131, 32,872, -85,003, -730, 4,017, 31,686, 27,669, -4,694, 2,991, -7,685
43,165, 17,354, 48,852, 31,498, 26,003, 2,479, 23,524, 3,499, 1,662, 5,258, 3,596, 1,840, 73, 1,767
19,002, 35,696, 58,879, 23,183, -16,579, 3,403, -19,982, 111, 3,055, 5,797, 2,742, -2,940, -90, -2,850
41,972, -505, 38,714, 39,219, 42,177, 4,614, 37,563, 5,727, -629, 4,170, 4,799, 6,327, 162, 6,165
144,888, 109,213, 171,087, 61,874, 36,389, 31,265, 5,124, 14,015, 10,461, 17,555, 7,094, 3,586, 3,667, -81
9,059, 4,943, 14,767, 9,824, 4,081, 492, 3,589, 1,193, 425, 1,525, 1,100, 766, -46, 812
408,440, 146,693, 300,032, 153,339, 259,857, 45,348, 214,509, 38,581, 14,041, 32,592, 18,551, 24,491, 2,504, 21,987
242,981, 204,933, 398,611, 193,678, 40,821, 107,098, -66,277, 4,469, 17,551, 40,603, 23,052, -12,998, 6,733, -19,731
396,210, 202,172, 477,380, 275,208, 194,735, 231,599, -36,864, 5,489, 17,174, 50,140, 32,966, -11,590, 19,996, -31,586
153,709, 126,304, 220,891, 94,587, 28,415, 152,520, -124,105, -3,144, 10,905, 22,487, 11,582, -14,124, 13,371, -27,495
13,514, 2,358, 24,056, 21,698, 11,234, 925, 10,309, -243, 23, 2,488, 2,465, -252, -7, -245
10,863, 10,582, 26,748, 16,166, 384, 1,760, -1,376, -628, 655, 2,540, 1,885, -1,280, 59, -1,339
6,126, 1,686, 12,092, 10,406, 4,578, 2,090, 2,488, 597, -2, 1,189, 1,191, 605, 63, 542
22,552, 23,723, 52,100, 28,377, -925, 9,058, -9,983, 719, 2,102, 5,390, 3,288, -1,371, 553, -1,924
10,475, 8,237, 45,881, 37,644, 2,497, 3,206, -709, -4,307, 130, 4,509, 4,379, -4,437, 97, -4,534
45,756, 19,377, 47,201, 27,824, 26,251, 6,261, 19,990, 3,900, 1,579, 4,885, 3,306, 2,345, 331, 2,014
-9,719, -12,308, 52,222, 64,530, 3,012, 14,117, -11,105, -1,330, -1,267, 5,537, 6,804, -40, 1,130, -1,170
540,037, 201,727, 426,466, 224,739, 338,123, 198,637, 139,486, 44,666, 19,628, 46,679, 27,051, 25,048, 21,247, 3,801
21,895, -6,260, 11,703, 17,963, 27,992, 2,343, 25,649, 2,736, -894, 1,283, 2,177, 3,612, 205, 3,407
7,437, -5,745, 8,302, 14,047, 13,232, 3,261, 9,971, 1,288, -773, 854, 1,627, 2,057, 258, 1,799
-172, 1,572, 11,653, 10,081, -1,697, 754, -2,451, 107, 147, 1,226, 1,079, -35, 41, -76
15,335, 1,360, 14,334, 12,974, 14,009, 1,313, 12,696, 2,425, 136, 1,630, 1,494, 2,283, 90, 2,193
-3,900, 14,744, 52,173, 37,429, -18,770, 2,461, -21,231, -2,575, 770, 4,920, 4,150, -3,344, 57, -3,401
-5,437, 2,604, 14,452, 11,848, -8,272, 2,499, -10,771, -489, 36, 1,348, 1,312, -529, 66, -595
1,119, 7,700, 19,546, 11,846, -6,632, 2,085, -8,717, 914, 816, 2,012, 1,196, 105, 122, -17
39,968, 19,508, 35,744, 16,236, 20,333, 6,431, 13,902, 4,422, 2,108, 3,931, 1,823, 2,307, 260, 2,047
4,410, 8,202, 36,905, 28,703, -3,668, 5,192, -8,860, 916, 936, 3,925, 2,989, -13, 797, -810
35,481, 6,361, 33,877, 27,516, 29,139, 1,679, 27,460, 5,648, 719, 3,897, 3,178, 4,914, 242, 4,672
53,769, 14,182, 59,155, 44,973, 39,814, 6,035, 33,779, 9,694, 1,027, 6,314, 5,287, 8,637, 486, 8,151
-3,302, 3,309, 22,393, 19,084, -6,530, 2,178, -8,708, -1,060, 95, 2,323, 2,228, -1,158, 199, -1,357
4,323, 4,448, 63,385, 58,937, -85, 30,334, -30,419, -2,756, -71, 6,474, 6,545, -2,685, 959, -3,644
33,544, 13,234, 52,176, 38,942, 20,399, 2,408, 17,991, 4,027, 1,068, 5,478, 4,410, 2,957, 220, 2,737
-4,256, -1,117, 14,729, 15,846, -3,061, 459, -3,520, -445, -107, 1,554, 1,661, -332, 23, -355
8,380, 2,310, 11,320, 9,010, 6,069, 9,416, -3,347, -216, 42, 1,147, 1,105, -266, 835, -1,101
4,624, -682, 11,545, 12,227, 5,343, 1,059, 4,284, 492, -127, 1,229, 1,356, 623, 99, 524
76,842, 44,384, 93,390, 49,006, 32,797, 10,082, 22,715, 9,657, 4,137, 9,975, 5,838, 5,529, 687, 4,842
-1,968, 3,100, 16,598, 13,498, -5,029, 1,120, -6,149, 315, 162, 1,645, 1,483, 161, 88, 73
-14,031, 11,737, 66,531, 54,794, -25,820, 13,114, -38,934, -1,688, 895, 6,827, 5,932, -2,588, 885, -3,473
18,456, 12,475, 37,381, 24,906, 5,788, 6,407, -619, 2,909, 1,066, 3,955, 2,889, 1,848, 465, 1,383
411,346, 12,252, 294,083, 281,831, 397,215, 104,814, 292,401, 40,182, -1,691, 32,154, 33,845, 41,798, 7,171, 34,627
-3,407, 978, 20,086, 19,108, -4,333, 1,587, -5,920, -359, 39, 2,079, 2,040, -396, 215, -611
-433, 2,625, 17,822, 15,197, -2,981, 158, -3,139, -586, 80, 1,773, 1,693, -662, -14, -648
39,000, -10,573, 4,311, 14,884, 48,895, -134, 49,029, 3,701, -1,539, 478, 2,017, 5,212, -57, 5,269
-9,619, 12,412, 71,848, 59,436, -22,094, 5,646, -27,740, -1,273, 804, 7,428, 6,624, -2,069, 270, -2,339
-1,891, 4,737, 26,664, 21,927, -6,550, 1,618, -8,168, -297, 250, 2,590, 2,340, -541, 132, -673
-55, 11,634, 38,444, 26,810, -11,831, 16,366, -28,197, -758, 1,034, 4,021, 2,987, -1,815, 1,182, -2,997
67,016, 21,542, 107,047, 85,505, 46,336, 22,079, 24,257, 10,725, 692, 10,891, 10,199, 10,005, 1,204, 8,801
61,103, 35,371, 121,193, 85,822, 26,210, 14,415, 11,795, 5,491, 2,558, 12,440, 9,882, 2,972, 1,257, 1,715
12,833, 6,871, 27,624, 20,753, 5,911, 2,721, 3,190, 790, 541, 2,922, 2,381, 256, 232, 24
11,694, 6,569, 14,844, 8,275, 5,159, 2,539, 2,620, 1,195, 632, 1,562, 930, 568, 158, 410
23,026, 9,252, 28,191, 18,939, 13,822, 2,131, 11,691, 3,002, 792, 2,969, 2,177, 2,212, 92, 2,120
21,357, 50,711, 121,272, 70,561, -28,785, 46,111, -74,896, -5,295, 3,418, 12,013, 8,595, -8,691, 3,736, -12,427
-9,339, 31, 29,641, 29,610, -9,340, 5,250, -14,590, -1,197, -107, 3,042, 3,149, -1,090, 265, -1,355
7,630, 7,791, 18,666, 10,875, -341, 2,056, -2,397, 1,149, 616, 1,934, 1,318, 536, 127, 409
34,300, 18,081, 47,682, 29,601, 16,528, 6,691, 9,837, 1,918, 1,377, 5,088, 3,711, 557, 280, 277
5,739, 4,340, 12,404, 8,064, 1,389, 546, 843, 276, 350, 1,247, 897, -71, 24, -95
-7,100, 4,541, 18,338, 13,797, -11,725, 3,190, -14,915, -1,108, 322, 1,757, 1,435, -1,435, 74, -1,509
54,946, 78,552, 209,617, 131,065, -23,410, 36,319, -59,729, 5,188, 6,309, 21,589, 15,280, -1,032, 1,165, -2,197
24,013, 41,985, 69,462, 27,477, -17,932, -636, -17,296, 1,606, 3,823, 7,032, 3,209, -2,230, -270, -1,960
21,154, 12,895, 33,987, 21,092, 8,384, 2,630, 5,754, 2,493, 1,249, 3,646, 2,397, 1,244, 161, 1,083
1,979, 842, 6,100, 5,258, 1,163, 136, 1,027, 145, 35, 610, 575, 113, -15, 128
17,783, 8,835, 21,567, 12,732, 8,970, 2,828, 6,142, 2,523, 730, 2,297, 1,567, 1,799, 152, 1,647
630,799, 428,108, 743,898, 315,790, 200,650, 326,958, -126,308, 32,646, 39,384, 78,147, 38,763, -6,771, 22,977, -29,748
703, 5,008, 19,377, 14,369, -4,194, 2,815, -7,009, -414, 491, 2,055, 1,564, -899, 211, -1,110
-6,398, 10,875, 19,170, 8,295, -17,420, 3,033, -20,453, -2,032, 994, 1,913, 919, -3,026, -45, -2,981
481, 3,423, 17,162, 13,739, -2,856, 612, -3,468, 191, 337, 1,744, 1,407, -142, 66, -208
-8,381, -5,260, 10,356, 15,616, -3,005, -176, -2,829, -908, -580, 1,079, 1,659, -322, -50, -272
9,742, 4,326, 13,383, 9,057, 5,489, 666, 4,823, 1,128, 381, 1,393, 1,012, 750, 48, 702
-9,009, -4,101, 13,249, 17,350, -4,802, -57, -4,745, -1,111, -545, 1,285, 1,830, -560, -27, -533
17,157, 29,769, 81,503, 51,734, -12,358, 9,096, -21,454, 2,699, 2,325, 8,057, 5,732, 397, 688, -291
-220, 2,932, 17,382, 14,450, -3,110, 3,283, -6,393, 299, 101, 1,730, 1,629, 203, 167, 36
-2,803, -325, 11,394, 11,719, -2,439, 602, -3,041, -567, -187, 1,133, 1,320, -379, 65, -444
42,654, 4,489, 26,461, 21,972, 37,745, 1,521, 36,224, 3,260, 254, 2,844, 2,590, 2,996, 124, 2,872
12,114, 3,266, 14,270, 11,004, 8,878, 1,826, 7,052, 1,074, 221, 1,492, 1,271, 856, 75, 781
35,505, 10,063, 68,473, 58,410, 25,813, 4,664, 21,149, 4,879, 729, 7,271, 6,542, 4,166, 358, 3,808
30,641, 16,269, 90,296, 74,027, 14,793, 36,326, -21,533, 1,291, 1,162, 9,575, 8,413, 145, 2,272, -2,127
7,633, 19,134, 37,137, 18,003, -11,510, -269, -11,241, 311, 1,653, 3,746, 2,093, -1,340, -137, -1,203
14,043, 8,584, 45,524, 36,940, 5,907, 5,255, 652, 1,211, 747, 4,868, 4,121, 491, 200, 291
-29,701, -12,813, 51,745, 64,558, -16,642, 2,675, -19,317, -2,145, -1,392, 5,450, 6,842, -726, 25, -751
8,741, 10,299, 23,119, 12,820, -1,566, 2,723, -4,289, 1,734, 999, 2,416, 1,417, 737, 100, 637
18,037, 14,964, 28,472, 13,508, 2,839, 7,552, -4,713, 2,175, 1,278, 2,991, 1,713, 903, 546, 357
2,065, 1,199, 5,041, 3,842, 866, 928, -62, -343, 143, 537, 394, -485, 21, -506
2,261, -504, 7,159, 7,663, 2,757, 51, 2,706, 1,260, -152, 734, 886, 1,407, -16, 1,423
796, 849, 4,921, 4,072, -24, 397, -421, 12, -22, 487, 509, 36, 42, -6
-1,448, 216, 9,501, 9,285, -1,653, 365, -2,018, 310, -55, 952, 1,007, 372, 5, 367
3,658, 2,995, 8,450, 5,455, 585, 3,739, -3,154, 831, 319, 934, 615, 513, 263, 250
2,220, -3, 6,276, 6,279, 2,274, 172, 2,102, 626, -6, 709, 715, 633, 10, 623
-973, -239, 3,115, 3,354, -723, 228, -951, -199, -38, 314, 352, -162, 25, -187
3,755, 2,099, 12,326, 10,227, 1,750, 818, 932, 604, 240, 1,395, 1,155, 368, 65, 303
-2,344, -1,177, 5,001, 6,178, -1,149, 91, -1,240, -148, -182, 474, 656, 39, 15, 24
2,130, 78, 3,848, 3,770, 2,080, 51, 2,029, 181, -6, 424, 430, 189, 2, 187
-981, 2,292, 7,203, 4,911, -3,303, 420, -3,723, -264, 121, 652, 531, -386, 46, -432
-1,767, -354, 3,694, 4,048, -1,415, 115, -1,530, 109, -57, 366, 423, 167, 7, 160
-1,189, -912, 2,494, 3,406, -250, 65, -315, 21, -62, 280, 342, 84, 8, 76
-1,916, 1,458, 3,813, 2,355, -3,412, 659, -4,071, -245, 144, 359, 215, -389, 45, -434
-3,047, 520, 4,115, 3,595, -3,609, 260, -3,869, -245, 46, 423, 377, -294, 39, -333
-1,043, 211, 5,537, 5,326, -1,243, 1,067, -2,310, -173, 80, 613, 533, -253, 14, -267
3,919, 1,488, 2,782, 1,294, 2,381, 190, 2,191, 694, 97, 286, 189, 597, 14, 583
447, 494, 3,433, 2,939, -15, 83, -98, 107, -12, 336, 348, 121, 15, 106
3,139, 567, 3,546, 2,979, 2,581, 1,484, 1,097, 633, 27, 389, 362, 604, 154, 450
1,219, 561, 7,220, 6,659, 691, 242, 449, -5, 17, 743, 726, -20, 10, -30
-671, -109, 2,210, 2,319, -564, 100, -664, 7, -8, 233, 241, 16, 2, 14
344, 473, 5,636, 5,163, -119, 759, -878, -222, 6, 586, 580, -229, 56, -285
-4,248, -515, 10,325, 10,840, -3,730, 598, -4,328, -346, -32, 1,111, 1,143, -313, -6, -307
3,198, 153, 3,788, 3,635, 3,034, 107, 2,927, 513, -21, 377, 398, 530, -12, 542
-848, 143, 1,809, 1,666, -996, -15, -981, -100, -8, 162, 170, -92, -2, -90
563, 406, 4,894, 4,488, 52, 2,277, -2,225, -192, -17, 477, 494, -177, 128, -305
1,507, -827, 5,308, 6,135, 2,373, 554, 1,819, 458, -65, 591, 656, 526, 73, 453
4,159, -1,376, 8,297, 9,673, 5,569, 241, 5,328, 634, -211, 894, 1,105, 845, 9, 836
-1,687, -234, 4,108, 4,342, -1,439, -2, -1,437, 109, -54, 420, 474, 165, -1, 166
1,220, 1,104, 4,850, 3,746, 141, -42, 183, 267, 102, 508, 406, 167, -9, 176
-3,432, 184, 7,159, 6,975, -3,610, 458, -4,068, -545, 30, 741, 711, -576, 26, -602
148, -1,372, 10,840, 12,212, 1,623, 543, 1,080, 258, -277, 1,113, 1,390, 540, 40, 500
895, 1,151, 4,726, 3,575, -236, 1,171, -1,407, -80, 165, 535, 370, -246, 126, -372
-1,438, 483, 3,399, 2,916, -1,929, -59, -1,870, -169, 30, 361, 331, -198, -4, -194
2,487, 1,410, 7,050, 5,640, 1,141, 557, 584, 124, 122, 728, 606, 5, 19, -14
2,792, 1,701, 5,337, 3,636, 1,114, -39, 1,153, 420, 133, 552, 419, 287, -7, 294
-1,115, 243, 5,218, 4,975, -1,334, 85, -1,419, 330, 0, 534, 534, 329, -9, 338
548, 65, 5,824, 5,759, 523, 823, -300, -264, -91, 586, 677, -172, 83, -255
-2,654, -311, 5,414, 5,725, -2,342, 222, -2,564, -207, -88, 542, 630, -118, 2, -120
1,363, -222, 6,086, 6,308, 1,606, 177, 1,429, 209, 36, 706, 670, 177, -5, 182
-59, 1,454, 4,938, 3,484, -1,508, 85, -1,593, 77, 149, 520, 371, -72, 7, -79
-798, -335, 2,204, 2,539, -459, -1, -458, 18, -27, 228, 255, 47, 1, 46
-911, -659, 7,569, 8,228, -187, 225, -412, 6, -103, 771, 874, 112, 22, 90
-759, -660, 4,446, 5,106, -52, 105, -157, -260, -98, 465, 563, -159, 5, -164
704, 1,029, 3,385, 2,356, -320, 32, -352, 98, 84, 318, 234, 13, -5, 18
-176, 541, 5,041, 4,500, -694, 89, -783, 340, 51, 547, 496, 292, -2, 294
2,745, 2,505, 6,316, 3,811, 267, 361, -94, 453, 205, 638, 433, 248, 29, 219
-2,817, -386, 2,747, 3,133, -2,440, 42, -2,482, -274, -40, 270, 310, -233, 1, -234
-1,649, -1,029, 3,103, 4,132, -601, 210, -811, -50, -124, 323, 447, 75, 15, 60
-1,489, -1,728, 2,274, 4,002, 187, 39, 148, 77, -194, 225, 419, 272, -2, 274
655, 351, 3,873, 3,522, 319, 430, -111, 53, 39, 396, 357, 15, 19, -4
1,652, 660, 4,210, 3,550, 961, 838, 123, 739, 89, 438, 349, 649, 81, 568
-4,066, -809, 4,176, 4,985, -3,295, 107, -3,402, -483, -150, 375, 525, -332, 0, -332
1,206, 3,146, 6,429, 3,283, -1,975, 131, -2,106, 682, 216, 593, 377, 469, 8, 461
-8,514, -3,521, 11,117, 14,638, -4,943, 105, -5,048, -930, -483, 1,108, 1,591, -443, -20, -423
-5,830, 1,199, 5,904, 4,705, -7,097, -25, -7,072, -585, 82, 580, 498, -671, -19, -652
-946, 86, 5,489, 5,403, -1,009, -116, -893, -394, -35, 600, 635, -357, -16, -341
1,604, -791, 3,105, 3,896, 2,427, 329, 2,098, 329, -116, 321, 437, 446, 41, 405
5,116, 167, 3,356, 3,189, 4,911, 253, 4,658, 143, -20, 381, 401, 164, 43, 121
-1,313, 470, 2,677, 2,207, -1,790, 82, -1,872, -181, 41, 256, 215, -224, 2, -226
24,919, 5,836, 10,887, 5,051, 18,837, 1,465, 17,372, 2,752, 650, 1,262, 612, 2,084, 111, 1,973
-2,836, -936, 3,863, 4,799, -1,881, 67, -1,948, -325, -140, 367, 507, -184, 1, -185
3,757, 524, 9,523, 8,999, 3,298, 251, 3,047, 529, -84, 932, 1,016, 611, 13, 598
4,256, 677, 5,806, 5,129, 3,587, 238, 3,349, 209, 60, 615, 555, 152, 7, 145
3,017, 2,028, 2,591, 563, 951, 1,029, -78, 194, 197, 266, 69, -4, 101, -105
2,183, 197, 3,691, 3,494, 1,999, 285, 1,714, 386, -19, 364, 383, 407, -2, 409
1,296, -1,267, 2,460, 3,727, 2,570, -12, 2,582, 212, -133, 261, 394, 346, -3, 349
-713, 266, 4,065, 3,799, -960, 80, -1,040, -57, 10, 413, 403, -65, 6, -71
561, -1,759, 1,631, 3,390, 2,311, -188, 2,499, 130, -179, 166, 345, 308, -24, 332
3,111, 2,093, 3,890, 1,797, 1,021, 1,407, -386, 0, 239, 443, 204, -241, 69, -310
-1,503, 87, 1,951, 1,864, -1,598, 19, -1,617, -43, -44, 189, 233, 1, -1, 2
-242, -684, 3,809, 4,493, 469, 211, 258, 44, -58, 382, 440, 104, 13, 91
-2,289, -614, 4,390, 5,004, -1,664, 144, -1,808, 10, -43, 455, 498, 54, 13, 41
2,050, 3,090, 6,509, 3,419, -1,047, 379, -1,426, 559, 335, 699, 364, 225, 6, 219
-2,040, -210, 4,823, 5,033, -1,820, 169, -1,989, -233, -29, 500, 529, -202, -11, -191
706, -233, 3,603, 3,836, 960, 673, 287, 176, -55, 364, 419, 232, 51, 181
1,163, 575, 5,336, 4,761, 613, 182, 431, 202, 50, 551, 501, 153, 11, 142
2,742, 1,712, 6,410, 4,698, 1,061, 327, 734, 335, 98, 669, 571, 240, 23, 217
-694, -125, 3,420, 3,545, -548, 332, -880, -31, -55, 340, 395, 27, 8, 19
-1,217, -36, 4,201, 4,237, -1,158, 53, -1,211, -136, -36, 426, 462, -98, -1, -97
-2,925, -818, 3,027, 3,845, -2,113, 38, -2,151, -276, -98, 288, 386, -176, -1, -175
944, 106, 4,101, 3,995, 838, 331, 507, 198, -8, 431, 439, 208, 7, 201
1,011, -1,565, 3,471, 5,036, 2,558, 108, 2,450, -120, -183, 381, 564, 65, -5, 70
4,632, 2,483, 7,638, 5,155, 2,121, 569, 1,552, 731, 255, 805, 550, 475, 47, 428
-651, 148, 2,376, 2,228, -801, 59, -860, 12, 13, 237, 224, -1, 7, -8
8,676, 4,979, 7,802, 2,823, 3,667, -130, 3,797, 2,161, 507, 830, 323, 1,645, -30, 1,675
1,118, 847, 5,233, 4,386, 276, 164, 112, 267, 91, 580, 489, 176, -5, 181
356, 1,615, 5,384, 3,769, -1,250, 104, -1,354, 220, 259, 644, 385, -37, 7, -44
-877, -318, 3,199, 3,517, -550, -13, -537, -189, -54, 340, 394, -135, -2, -133
-2,232, -316, 4,502, 4,818, -1,907, 118, -2,025, -176, -10, 451, 461, -166, 10, -176
5,250, 292, 8,271, 7,979, 4,965, 589, 4,376, 1,138, -15, 895, 910, 1,152, 65, 1,087
-3,534, -14, 5,745, 5,759, -3,543, 568, -4,111, -246, -38, 571, 609, -207, 51, -258
-1,410, 130, 7,792, 7,662, -1,504, 166, -1,670, -218, -5, 844, 849, -211, 9, -220
-1,787, -1,300, 9,279, 10,579, -434, 6, -440, -479, -277, 887, 1,164, -195, -10, -185
-4,021, 1,015, 3,790, 2,775, -5,081, -31, -5,050, -481, 73, 355, 282, -555, -7, -548
-276, -969, 6,824, 7,793, 732, -169, 901, 69, -117, 731, 848, 189, -26, 215
-3,525, 750, 4,522, 3,772, -4,289, 119, -4,408, -487, 7, 405, 398, -496, 23, -519
2,879, 2,722, 5,440, 2,718, 50, 2,939, -2,889, 686, 220, 576, 356, 467, 341, 126
-2,688, 67, 5,191, 5,124, -2,772, 245, -3,017, -8, -10, 508, 518, 3, 12, -9
578, 4,661, 8,269, 3,608, -4,153, 1,307, -5,460, -384, 446, 824, 378, -829, -8, -821
-3,639, -182, 3,828, 4,010, -3,488, 564, -4,052, -262, -34, 322, 356, -229, 61, -290
-1,725, 807, 4,885, 4,078, -2,535, 421, -2,956, -49, 96, 515, 419, -143, 29, -172
-1,184, 1,716, 7,305, 5,589, -2,886, 912, -3,798, -165, 164, 774, 610, -328, 89, -417
1,233, 1,870, 4,436, 2,566, -635, 597, -1,232, 183, 180, 461, 281, 4, 73, -69
4,940, -43, 12,391, 12,434, 5,104, 3,462, 1,642, 741, -83, 1,305, 1,388, 830, 279, 551
-1,199, -601, 2,303, 2,904, -586, 76, -662, 26, -14, 271, 285, 42, 15, 27
8,217, -82, 11,278, 11,360, 8,336, 1,988, 6,348, 1,796, -52, 1,206, 1,258, 1,846, 210, 1,636
1,432, -2,564, 5,693, 8,257, 4,023, 122, 3,901, 215, -338, 599, 937, 553, -15, 568
-1,061, 402, 2,705, 2,303, -1,488, 141, -1,629, -245, -33, 256, 289, -213, 11, -224
-109, -217, 4,017, 4,234, 140, 27, 113, 143, -46, 411, 457, 190, -7, 197
2,296, 718, 4,729, 4,011, 1,572, 96, 1,476, -45, 88, 537, 449, -132, 2, -134
-3,603, 719, 9,839, 9,120, -4,306, 535, -4,841, -481, -41, 981, 1,022, -440, 49, -489
2,273, 1,583, 6,400, 4,817, 714, 133, 581, 577, 141, 678, 537, 437, 9, 428
-1,709, 323, 4,403, 4,080, -2,037, 212, -2,249, -141, 50, 472, 422, -191, 19, -210
-300, 512, 4,217, 3,705, -796, 61, -857, 4, 52, 460, 408, -46, 4, -50
-508, 771, 1,659, 888, -1,302, 86, -1,388, 100, 89, 170, 81, 11, 19, -8
217, 569, 4,195, 3,626, -328, 191, -519, 64, 37, 426, 389, 29, 44, -15
-798, 146, 2,810, 2,664, -982, 103, -1,085, 72, 6, 261, 255, 68, 15, 53
4,460, -2,362, 5,042, 7,404, 6,768, 223, 6,545, 782, -331, 512, 843, 1,107, 20, 1,087
3,362, -13, 9,120, 9,133, 3,433, 322, 3,111, 350, -60, 990, 1,050, 414, 34, 380
3,961, 205, 5,256, 5,051, 3,748, 631, 3,117, 360, -87, 505, 592, 448, 78, 370
1,430, 361, 5,928, 5,567, 1,050, 112, 938, -85, 34, 639, 605, -121, -3, -118
-6,142, -3,488, 9,454, 12,942, -2,608, 446, -3,054, -1,152, -490, 934, 1,424, -659, 20, -679
1,363, -44, 3,578, 3,622, 1,421, 235, 1,186, 256, -17, 388, 405, 272, 9, 263
1,393, 3,415, 6,242, 2,827, -2,028, 49, -2,077, 182, 415, 676, 261, -231, 8, -239
-939, 459, 4,059, 3,600, -1,403, 246, -1,649, -2, 37, 427, 390, -37, 9, -46
146, 4,541, 7,856, 3,315, -4,443, 653, -5,096, 37, 380, 759, 379, -344, -15, -329
-1,386, 780, 3,544, 2,764, -2,169, 88, -2,257, -168, 65, 346, 281, -231, 16, -247
1,846, 1,224, 4,660, 3,436, 634, 263, 371, 128, 119, 531, 412, 12, 11, 1
7,434, 2,304, 4,474, 2,170, 4,928, 506, 4,422, 606, 277, 516, 239, 332, 35, 297
-1,942, -136, 3,221, 3,357, -1,809, 50, -1,859, -200, -38, 338, 376, -162, 7, -169
-225, 3,722, 5,931, 2,209, -4,000, 2,131, -6,131, -258, 340, 559, 219, -602, 240, -842
711, 2,307, 6,633, 4,326, -1,645, 164, -1,809, 121, 242, 714, 472, -121, -2, -119
-1,202, 837, 7,515, 6,678, -2,028, 103, -2,131, 235, 43, 791, 748, 192, 6, 186
-2,354, -1,757, 6,918, 8,675, -533, 547, -1,080, -317, -211, 732, 943, -102, 59, -161
-964, 2,506, 3,815, 1,309, -3,520, 957, -4,477, -143, 239, 369, 130, -386, 29, -415
-1,904, -296, 4,900, 5,196, -1,588, 225, -1,813, -36, -80, 491, 571, 47, 22, 25
4,886, 1,824, 4,881, 3,057, 3,020, -60, 3,080, -78, 105, 472, 367, -180, -11, -169
5,579, 811, 5,472, 4,661, 4,751, 158, 4,593, 804, 47, 589, 542, 753, 14, 739
-1,171, 188, 4,350, 4,162, -1,349, 52, -1,401, -127, -13, 445, 458, -113, -1, -112
4,464, 6,536, 9,990, 3,454, -2,075, 1,598, -3,673, 446, 649, 1,042, 393, -204, 79, -283
-600, -940, 3,099, 4,039, 380, 166, 214, 107, -140, 338, 478, 251, 9, 242
2,926, 4,837, 5,870, 1,033, -1,929, 1,022, -2,951, 184, 430, 559, 129, -246, 118, -364
-238, 888, 4,216, 3,328, -1,120, 110, -1,230, -173, 94, 469, 375, -267, 6, -273
276, 1,239, 5,165, 3,926, -941, 18, -959, 57, 144, 564, 420, -85, -15, -70
-2,957, -137, 4,754, 4,891, -2,845, -20, -2,825, -457, -70, 480, 550, -387, -1, -386
-826, 453, 5,705, 5,252, -1,305, 557, -1,862, 323, 63, 579, 516, 260, 26, 234
-260, 953, 3,150, 2,197, -1,251, 9, -1,260, 139, 56, 294, 238, 83, 3, 80
-710, -523, 2,855, 3,378, -168, 73, -241, -119, -66, 319, 385, -51, -2, -49
3,878, 4,118, 6,906, 2,788, -337, -209, -128, 270, 406, 787, 381, -136, -45, -91
7,025, 1,043, 3,798, 2,755, 5,948, 735, 5,213, 577, 119, 426, 307, 457, 81, 376
-639, 1,123, 4,029, 2,906, -1,792, 742, -2,534, -57, 117, 407, 290, -174, 47, -221
2,387, 1,103, 5,844, 4,741, 1,272, 824, 448, 392, 29, 599, 570, 368, 34, 334
-1,285, -712, 3,328, 4,040, -545, -8, -537, -59, -92, 342, 434, 36, -3, 39
-1,299, 1,043, 4,795, 3,752, -2,343, 349, -2,692, -102, -42, 417, 459, -58, 30, -88
-2,980, -351, 2,815, 3,166, -2,642, 39, -2,681, -147, -64, 272, 336, -82, 13, -95
947, 1,330, 13,502, 12,172, -341, 167, -508, -686, -38, 1,352, 1,390, -642, -17, -625
-895, 1,463, 2,755, 1,292, -2,383, -79, -2,304, -66, 119, 255, 136, -186, 0, -186
1,455, -116, 1,403, 1,519, 1,572, 2,195, -623, 39, -27, 158, 185, 68, 142, -74
-1,160, -228, 2,083, 2,311, -928, 11, -939, -89, 10, 234, 224, -97, 1, -98
-361, -260, 5,925, 6,185, -48, 72, -120, -19, -79, 594, 673, 62, -17, 79
34, 484, 2,941, 2,457, -474, 302, -776, 403, 67, 327, 260, 336, -5, 341
2,829, 2,328, 6,784, 4,456, 517, 1,625, -1,108, 406, 253, 743, 490, 156, 181, -25
1,846, -362, 6,721, 7,083, 2,223, -23, 2,246, 478, -81, 693, 774, 559, -7, 566
1,445, -247, 6,002, 6,249, 1,755, 432, 1,323, 76, -36, 648, 684, 118, 31, 87
5,528, 129, 5,424, 5,295, 5,375, -293, 5,668, 1,697, 45, 664, 619, 1,645, -46, 1,691
994, 1,600, 8,384, 6,784, -578, 1,226, -1,804, -137, 159, 881, 722, -296, 98, -394
-960, 90, 2,099, 2,009, -1,043, 18, -1,061, -122, -28, 197, 225, -94, 6, -100
-790, -1,594, 6,242, 7,836, 870, 32, 838, 254, -200, 662, 862, 455, -6, 461
-3,259, 566, 3,155, 2,589, -3,861, 160, -4,021, -515, -10, 305, 315, -506, 2, -508
-2,107, -59, 4,055, 4,114, -2,056, 411, -2,467, -435, 3, 421, 418, -439, 28, -467
325, 4,516, 7,312, 2,796, -4,301, 2,625, -6,926, 610, 379, 676, 297, 231, 48, 183
-3,933, -399, 6,208, 6,607, -3,531, 70, -3,601, -408, -43, 620, 663, -365, 1, -366
909, 1,651, 4,031, 2,380, -753, 1,203, -1,956, 299, 198, 438, 240, 101, 171, -70
393, 559, 7,756, 7,197, -117, 510, -627, 106, -24, 795, 819, 134, 44, 90
-4,932, 5,703, 9,292, 3,589, -10,769, 1,613, -12,382, -672, 462, 828, 366, -1,130, 31, -1,161
-820, 745, 4,072, 3,327, -1,578, 145, -1,723, 207, 102, 422, 320, 107, 20, 87
3,008, 885, 7,769, 6,884, 2,180, 612, 1,568, 296, 107, 857, 750, 190, 34, 156
2,160, -919, 2,315, 3,234, 3,079, 272, 2,807, 286, -125, 248, 373, 409, 12, 397
-3,210, -455, 4,551, 5,006, -2,768, 199, -2,967, -299, -71, 476, 547, -228, 24, -252
-120, 413, 4,442, 4,029, -520, 468, -988, -160, 54, 454, 400, -214, 61, -275
-2,428, 148, 6,111, 5,963, -2,570, 86, -2,656, -222, -21, 603, 624, -199, 2, -201
1,812, 517, 6,226, 5,709, 1,340, -93, 1,433, 231, 28, 652, 624, 205, -9, 214
2,821, 1,240, 4,979, 3,739, 1,584, 361, 1,223, 753, 113, 530, 417, 639, 23, 616
-3,227, -1,115, 5,149, 6,264, -2,083, 754, -2,837, -279, -61, 559, 620, -219, 77, -296
-118, 4,418, 9,926, 5,508, -4,557, 489, -5,046, -544, 175, 817, 642, -721, 17, -738
-462, 4,562, 6,849, 2,287, -5,082, 1,277, -6,359, -164, 441, 672, 231, -610, 110, -720
1,905, -1,368, 3,041, 4,409, 3,304, -23, 3,327, 416, -262, 287, 549, 675, -16, 691
2,369, -1,682, 5,241, 6,923, 4,073, 52, 4,021, 448, -358, 521, 879, 804, -13, 817
431, 4,721, 8,273, 3,552, -4,360, 310, -4,670, 184, 293, 761, 468, -110, 71, -181
2,043, 577, 6,288, 5,711, 1,494, 200, 1,294, 135, 23, 670, 647, 114, -1, 115
4,311, 5,328, 8,759, 3,431, -1,040, 1,053, -2,093, 151, 476, 911, 435, -327, 147, -474
-2,130, -631, 4,935, 5,566, -1,485, 118, -1,603, -250, -48, 517, 565, -203, 0, -203
10,480, -650, 5,519, 6,169, 11,054, 342, 10,712, 1,466, -109, 627, 736, 1,567, 2, 1,565
72, -505, 4,284, 4,789, 625, 62, 563, 79, -61, 441, 502, 144, 8, 136
-540, 967, 3,348, 2,381, -1,518, 190, -1,708, -91, 43, 306, 263, -134, 9, -143
-1,893, 372, 3,123, 2,751, -2,263, 31, -2,294, -278, -33, 271, 304, -245, 5, -250
244, -2,254, 5,954, 8,208, 2,548, 113, 2,435, -95, -243, 665, 908, 153, 9, 144
820, 651, 3,096, 2,445, 190, 187, 3, -166, 47, 320, 273, -215, 17, -232
-7,226, 1,219, 6,660, 5,441, -8,517, 112, -8,629, -1,127, -43, 565, 608, -1,088, 19, -1,107
-1,855, 293, 5,748, 5,455, -2,138, 89, -2,227, -186, 14, 618, 604, -199, 10, -209
-4,849, 828, 5,199, 4,371, -5,752, 57, -5,809, -406, 32, 496, 464, -439, -7, -432
1,120, 1,101, 7,926, 6,825, 58, 773, -715, 214, 8, 811, 803, 208, 76, 132
-1,140, -253, 2,482, 2,735, -876, -26, -850, -226, -41, 247, 288, -185, -3, -182
-657, 1,889, 3,423, 1,534, -2,596, 817, -3,413, -508, 201, 350, 149, -714, 61, -775
1,633, 1,065, 2,086, 1,021, 566, 868, -302, 235, 90, 202, 112, 146, 119, 27
-117, 414, 4,295, 3,881, -503, 109, -612, 65, 61, 447, 386, 5, 12, -7
-50, -145, 4,841, 4,986, 123, -77, 200, 0, -77, 491, 568, 81, -11, 92
-4, 871, 3,745, 2,874, -863, 366, -1,229, -151, 75, 391, 316, -227, 59, -286
101, 934, 3,252, 2,318, -840, 530, -1,370, -93, 46, 294, 248, -140, 44, -184
16,387, 5,403, 7,932, 2,529, 10,899, 1,322, 9,577, 1,279, 564, 868, 304, 711, 155, 556
6,856, 1,433, 7,882, 6,449, 5,438, 157, 5,281, 937, 56, 847, 791, 883, -15, 898
-3,973, 305, 2,759, 2,454, -4,337, -25, -4,312, -272, 12, 267, 255, -285, -4, -281
-873, 577, 5,235, 4,658, -1,451, 173, -1,624, -100, 46, 571, 525, -145, 32, -177
-826, 1,765, 3,115, 1,350, -2,622, 184, -2,806, -165, 161, 320, 159, -327, -2, -325
2,491, 4,351, 11,050, 6,699, -1,843, 278, -2,121, 772, 363, 1,115, 752, 413, 50, 363
-1,086, 591, 4,981, 4,390, -1,664, 29, -1,693, -97, 29, 509, 480, -127, 2, -129
16,437, 6,466, 21,947, 15,481, 10,050, 4,742, 5,308, 4, 234, 2,237, 2,003, -216, 427, -643
6,344, 5,350, 10,279, 4,929, 919, 1,104, -185, 1,527, 579, 1,086, 507, 945, 22, 923
6,681, 3,682, 12,481, 8,799, 3,069, 574, 2,495, 908, 360, 1,285, 925, 553, 49, 504
1,036, 906, 2,546, 1,640, 139, 25, 114, 115, 79, 250, 171, 36, 1, 35
-1,823, 643, 3,944, 3,301, -2,474, -123, -2,351, -209, 56, 393, 337, -266, -16, -250
-981, 137, 3,610, 3,473, -1,141, 1,261, -2,402, -233, -3, 368, 371, -232, 64, -296
-3,605, -1,386, 4,849, 6,235, -2,178, 516, -2,694, -324, -187, 489, 676, -135, 43, -178
-856, -686, 3,647, 4,333, -132, 283, -415, -251, -178, 354, 532, -72, 35, -107
-603, 111, 3,895, 3,784, -705, 108, -813, 277, 21, 411, 390, 258, 20, 238
5,111, 977, 5,746, 4,769, 4,100, 1,513, 2,587, -165, -1, 592, 593, -168, 151, -319
996, 1,072, 3,092, 2,020, -85, 1,621, -1,706, 17, 103, 305, 202, -85, 54, -139
-2,513, -250, 6,619, 6,869, -2,229, 229, -2,458, -333, -29, 670, 699, -302, 38, -340
-752, 713, 3,792, 3,079, -1,475, 138, -1,613, 66, 47, 372, 325, 22, 5, 17
-4,812, -894, 7,555, 8,449, -3,912, 643, -4,555, -368, -136, 760, 896, -231, 50, -281
-4,273, 151, 2,955, 2,804, -4,515, 43, -4,558, -1,101, -32, 275, 307, -1,078, 3, -1,081
-1,057, -776, 2,562, 3,338, -268, -7, -261, -131, -87, 265, 352, -42, -2, -40
-806, 99, 3,890, 3,791, -898, 133, -1,031, 47, 7, 408, 401, 42, 12, 30
4,143, 2,557, 3,663, 1,106, 1,536, 706, 830, 686, 245, 363, 118, 437, 94, 343
-2,291, -375, 3,824, 4,199, -1,907, 378, -2,285, -345, -40, 398, 438, -306, 50, -356
1,812, 1,996, 6,916, 4,920, -141, 156, -297, 265, 169, 722, 553, 97, 3, 94
-396, -59, 2,134, 2,193, -326, 128, -454, -171, 9, 223, 214, -181, 8, -189
-8,004, -674, 12,718, 13,392, -7,370, 1,524, -8,894, -569, -116, 1,282, 1,398, -450, 21, -471
-3,499, -1,956, 7,318, 9,274, -1,495, 108, -1,603, -148, -219, 750, 969, 74, -1, 75
539, 1,279, 6,337, 5,058, -720, 644, -1,364, 63, 136, 690, 554, -72, 112, -184
12,516, 2,353, 7,545, 5,192, 10,117, 213, 9,904, 2,652, 304, 918, 614, 2,337, 26, 2,311
-224, 431, 3,908, 3,477, -640, 41, -681, -169, -26, 384, 410, -143, 6, -149
-170, 533, 3,631, 3,098, -722, 109, -831, 117, 2, 360, 358, 116, 8, 108
698, 1,767, 3,479, 1,712, -1,073, 617, -1,690, -63, 163, 340, 177, -227, 20, -247
12,879, 2,377, 10,303, 7,926, 10,453, 30, 10,423, 1,789, 196, 1,113, 917, 1,587, -42, 1,629
5,198, 2,469, 7,902, 5,433, 2,788, 2,802, -14, 125, 90, 794, 704, 39, 269, -230
3,566, 3,205, 7,095, 3,890, 380, 728, -348, 263, 281, 712, 431, -15, 37, -52
-1,037, -368, 6,223, 6,591, -631, 565, -1,196, 184, -82, 636, 718, 269, 52, 217
206, 1,497, 5,629, 4,132, -1,275, -3, -1,272, 201, 177, 632, 455, 27, 15, 12
-2,826, -109, 3,946, 4,055, -2,732, 195, -2,927, -347, -90, 357, 447, -258, 29, -287
2,956, -1,875, 4,812, 6,687, 4,829, 325, 4,504, 185, -217, 530, 747, 403, 29, 374
375, 677, 1,540, 863, -305, 358, -663, 45, 65, 153, 88, -18, 24, -42
1,138, 190, 6,687, 6,497, 931, 3,279, -2,348, -529, -51, 685, 736, -477, 273, -750
3,089, 208, 3,233, 3,025, 2,876, 244, 2,632, 402, -28, 332, 360, 430, 40, 390
-1,390, 1,768, 4,171, 2,403, -3,210, 876, -4,086, -75, 163, 408, 245, -239, 50, -289
-3,558, -625, 5,994, 6,619, -2,923, 261, -3,184, -41, -160, 608, 768, 122, 42, 80
-34, 577, 3,044, 2,467, -613, 828, -1,441, -67, 101, 343, 242, -169, 101, -270
1,854, 234, 7,360, 7,126, 1,647, 85, 1,562, 551, -67, 767, 834, 618, -2, 620
1,228, -1,440, 4,828, 6,268, 2,721, 493, 2,228, 158, -297, 478, 775, 460, 28, 432
1,091, 278, 2,743, 2,465, 822, 178, 644, 134, -3, 277, 280, 137, 11, 126
1,967, 1,463, 11,966, 10,503, 560, 944, -384, -502, 36, 1,240, 1,204, -542, 100, -642
4,160, 117, 7,437, 7,320, 4,042, 297, 3,745, 1,018, -59, 804, 863, 1,069, 4, 1,065
-1,105, 447, 1,710, 1,263, -1,597, 162, -1,759, 123, 54, 181, 127, 70, 10, 60
2,581, 1,911, 3,659, 1,748, 660, 1,526, -866, 152, 143, 341, 198, 6, 259, -253
-2,458, 113, 3,098, 2,985, -2,603, 551, -3,154, -169, -31, 277, 308, -139, 41, -180
-360, 2,015, 10,788, 8,773, -2,345, 130, -2,475, -140, 66, 1,065, 999, -203, 18, -221
-1,337, 481, 4,177, 3,696, -1,827, 144, -1,971, 72, 9, 436, 427, 66, 13, 53
2,286, 374, 5,275, 4,901, 1,928, 24, 1,904, 371, 46, 585, 539, 326, -5, 331
127, 708, 4,388, 3,680, -576, -34, -542, 127, 78, 474, 396, 51, -2, 53
-1,486, -1,915, 17,387, 19,302, 591, 2,821, -2,230, 79, -326, 1,755, 2,081, 419, 161, 258
94, 993, 2,927, 1,934, -897, 80, -977, 50, 105, 306, 201, -55, -1, -54
-40, 187, 3,719, 3,532, -239, 337, -576, -94, -20, 402, 422, -74, 2, -76
3,764, 505, 3,508, 3,003, 3,274, 247, 3,027, 569, 67, 411, 344, 500, 15, 485
-541, 363, 5,315, 4,952, -862, 148, -1,010, -73, 47, 574, 527, -117, 11, -128
-785, 1,721, 3,849, 2,128, -2,537, 938, -3,475, -155, 210, 424, 214, -366, 116, -482
-1,522, 2,838, 4,026, 1,188, -4,402, 958, -5,360, -474, 293, 403, 110, -772, 106, -878
-1,687, -322, 2,779, 3,101, -1,378, 126, -1,504, -294, -48, 286, 334, -245, 13, -258
-621, 169, 3,845, 3,676, -778, 116, -894, -64, -28, 368, 396, -33, 8, -41
-1,281, 788, 4,470, 3,682, -2,089, 817, -2,906, -206, 37, 452, 415, -242, 112, -354
24, 1,999, 18,156, 16,157, -1,919, 253, -2,172, -26, 66, 1,876, 1,810, -86, -21, -65
1,419, 424, 1,565, 1,141, 964, 690, 274, 381, 62, 173, 111, 318, 62, 256
455, -350, 2,709, 3,059, 831, 78, 753, 60, -21, 285, 306, 83, 4, 79
-56, 2,576, 10,851, 8,275, -2,578, 241, -2,819, -95, 74, 1,071, 997, -167, 6, -173
-3,604, 4,701, 16,897, 12,196, -8,274, 511, -8,785, -1,259, 319, 1,697, 1,378, -1,578, 58, -1,636
-2,934, -200, 2,631, 2,831, -2,771, 685, -3,456, -302, -38, 258, 296, -267, 77, -344
-92, -55, 3,396, 3,451, -12, 103, -115, 151, 22, 372, 350, 133, 10, 123
-2,232, -527, 4,970, 5,497, -1,687, 189, -1,876, -338, -20, 525, 545, -318, 7, -325
-1,095, -173, 2,647, 2,820, -949, 259, -1,208, -129, -17, 262, 279, -111, 9, -120
-1,579, 241, 4,513, 4,272, -1,846, 182, -2,028, -257, -80, 444, 524, -177, -6, -171
760, -333, 3,298, 3,631, 1,076, 29, 1,047, 99, -18, 361, 379, 118, -1, 119
-2,463, -433, 7,431, 7,864, -2,018, 550, -2,568, -34, -59, 757, 816, 31, 67, -36
-1,876, -1,152, 5,615, 6,767, -671, 165, -836, -200, -131, 594, 725, -66, 10, -76
-2,648, -1,848, 5,293, 7,141, -747, 54, -801, -199, -179, 541, 720, -14, 1, -15
-4,294, -561, 7,002, 7,563, -3,737, 187, -3,924, -270, -60, 750, 810, -209, 26, -235
754, -497, 4,199, 4,696, 1,296, 229, 1,067, 291, -76, 437, 513, 368, 39, 329
-1,412, 319, 7,009, 6,690, -1,714, 270, -1,984, -334, 3, 734, 731, -336, 28, -364
-372, -361, 5,794, 6,155, 24, 376, -352, 318, -109, 570, 679, 427, 30, 397
-384, 1,313, 3,354, 2,041, -1,727, 853, -2,580, -109, 115, 343, 228, -225, 94, -319
-609, 228, 2,556, 2,328, -833, 387, -1,220, -129, -1, 240, 241, -129, 45, -174
-1,279, 547, 4,962, 4,415, -1,836, 986, -2,822, -519, 36, 514, 478, -556, 35, -591
-1,687, -286, 3,177, 3,463, -1,409, 251, -1,660, -85, -48, 311, 359, -34, 34, -68
-4,885, -2,765, 6,085, 8,850, -2,083, 187, -2,270, -566, -400, 583, 983, -164, 6, -170
-1,281, 270, 2,051, 1,781, -1,567, 110, -1,677, -131, 9, 195, 186, -141, 4, -145
-1,913, -419, 5,015, 5,434, -1,478, 240, -1,718, -224, -45, 519, 564, -178, 15, -193
115, 525, 4,645, 4,120, -394, 442, -836, -53, 72, 492, 420, -125, 19, -144
-420, -4, 1,942, 1,946, -414, 83, -497, -10, 18, 208, 190, -26, 11, -37
-2,173, -837, 4,838, 5,675, -1,308, 42, -1,350, -216, -108, 508, 616, -108, 3, -111
-1,113, 431, 5,119, 4,688, -1,533, 22, -1,555, -92, 9, 540, 531, -100, 4, -104
1,453, -63, 4,408, 4,471, 1,547, 339, 1,208, 451, 2, 473, 471, 450, 37, 413
-644, -404, 3,016, 3,420, -236, 66, -302, 14, -31, 305, 336, 47, 0, 47
-4,121, -615, 8,627, 9,242, -3,470, 193, -3,663, -481, -53, 908, 961, -425, 22, -447
1,503, 1,165, 4,153, 2,988, 357, 315, 42, 277, 110, 430, 320, 171, 16, 155
-8,038, 1,025, 11,877, 10,852, -9,108, 235, -9,343, -1,148, 23, 1,199, 1,176, -1,173, -26, -1,147
-143, 382, 3,126, 2,744, -514, 24, -538, -35, 37, 309, 272, -72, 4, -76
-721, -86, 4,051, 4,137, -630, 134, -764, -192, -61, 409, 470, -131, 15, -146
-2,659, -402, 3,168, 3,570, -2,268, 23, -2,291, -455, -63, 316, 379, -393, 5, -398
-1,894, -76, 4,813, 4,889, -1,923, 323, -2,246, 86, -140, 460, 600, 228, 31, 197
-2,867, -260, 4,608, 4,868, -2,607, 46, -2,653, -452, -79, 452, 531, -371, 5, -376
1,057, 314, 3,311, 2,997, 752, 86, 666, 315, 9, 352, 343, 306, 2, 304
6,176, 6,349, 11,622, 5,273, -344, 2,223, -2,567, -166, 603, 1,180, 577, -770, 117, -887
392, 594, 2,758, 2,164, -192, 204, -396, 80, 73, 281, 208, 7, -4, 11
-670, 117, 2,640, 2,523, -789, 42, -831, 16, 53, 292, 239, -37, 5, -42
1,992, 216, 4,412, 4,196, 1,771, 43, 1,728, 682, -20, 448, 468, 700, 16, 684
3,010, -1,967, 5,430, 7,397, 4,989, 576, 4,413, 35, -363, 531, 894, 400, 22, 378
-5,299, 1,655, 6,797, 5,142, -7,020, 590, -7,610, -493, 90, 647, 557, -584, 38, -622
2,865, 2,029, 4,094, 2,065, 850, 1,233, -383, 279, 207, 422, 215, 72, 52, 20
8,609, 7,715, 14,050, 6,335, 942, 1,242, -300, 1,061, 767, 1,486, 719, 296, 81, 215
104, 1,765, 6,136, 4,371, -1,647, 138, -1,785, 145, 134, 605, 471, 11, -18, 29
421, -2,988, 3,244, 6,232, 3,427, 20, 3,407, 308, -346, 349, 695, 655, -1, 656
471, 2,617, 4,302, 1,685, -2,201, 1,131, -3,332, 149, 261, 456, 195, -113, 40, -153
-1,966, -1,114, 6,974, 8,088, -802, 301, -1,103, -176, -138, 736, 874, -32, 40, -72
-4,735, -1,318, 3,631, 4,949, -3,441, -13, -3,428, -590, -138, 349, 487, -453, -1, -452
-441, 1,762, 6,129, 4,367, -2,256, 1,819, -4,075, -591, 200, 660, 460, -800, 121, -921
1,109, 2,468, 6,319, 3,851, -1,362, 628, -1,990, 118, 256, 651, 395, -139, -3, -136
2,743, 1,061, 5,716, 4,655, 1,697, -56, 1,753, 156, 62, 605, 543, 97, -12, 109
-1,141, 263, 4,413, 4,150, -1,384, 267, -1,651, -24, 7, 452, 445, -30, 14, -44
1,394, 1,064, 6,777, 5,713, 356, -3, 359, 422, 111, 741, 630, 314, -5, 319
1,811, -85, 3,545, 3,630, 1,896, 1,131, 765, 37, -48, 359, 407, 85, 14, 71
-139, 1,349, 5,002, 3,653, -1,485, 728, -2,213, -210, 154, 526, 372, -365, 47, -412
-3,000, -176, 8,395, 8,571, -2,810, 155, -2,965, -327, -85, 821, 906, -243, 7, -250
680, 2,675, 7,926, 5,251, -2,014, 516, -2,530, 43, 166, 770, 604, -123, 2, -125
-3,170, -175, 5,873, 6,048, -3,043, 1,455, -4,498, -678, -74, 594, 668, -606, 143, -749
-1,411, 1,096, 4,785, 3,689, -2,496, 169, -2,665, -458, 70, 468, 398, -528, 23, -551
930, 25, 4,014, 3,989, 933, 121, 812, -3, -59, 395, 454, 57, -1, 58
-1,494, -1,032, 4,326, 5,358, -428, 29, -457, -159, -101, 448, 549, -56, 4, -60
-5,645, -2,383, 8,207, 10,590, -3,229, 196, -3,425, -616, -227, 863, 1,090, -387, 9, -396
-598, 937, 10,494, 9,557, -1,472, 638, -2,110, -92, 50, 1,098, 1,048, -137, 26, -163
3,929, -1,541, 3,903, 5,444, 5,428, 150, 5,278, 738, -224, 385, 609, 959, 0, 959
362, -1,106, 3,510, 4,616, 1,496, -47, 1,543, 146, -135, 361, 496, 282, -10, 292
-885, -173, 2,535, 2,708, -705, 93, -798, -117, 1, 276, 275, -117, 8, -125
-922, 3,314, 5,987, 2,673, -4,313, 795, -5,108, 103, 303, 619, 316, -201, 56, -257
-103, 1,875, 6,242, 4,367, -1,980, 741, -2,721, -137, 178, 652, 474, -319, 74, -393
-1,434, 640, 4,058, 3,418, -2,082, 180, -2,262, -237, 67, 423, 356, -305, 19, -324
-794, 438, 3,131, 2,693, -1,229, -17, -1,212, 56, 36, 338, 302, 22, -1, 23
-898, -1,032, 6,284, 7,316, 206, 333, -127, -151, -147, 670, 817, 2, 52, -50
-1,357, 1,351, 6,761, 5,410, -2,722, 167, -2,889, -98, 109, 698, 589, -206, -4, -202
6,633, 1,947, 8,445, 6,498, 4,661, 1,580, 3,081, 914, 154, 916, 762, 759, 59, 700
-4,200, 1,356, 10,627, 9,271, -5,584, 1,241, -6,825, -587, -94, 988, 1,082, -495, 96, -591
-4,320, -1,209, 4,867, 6,076, -3,102, 15, -3,117, -533, -228, 452, 680, -305, 1, -306
2,172, 927, 4,912, 3,985, 1,256, 666, 590, 514, 95, 542, 447, 419, 61, 358
-4,220, 482, 8,188, 7,706, -4,720, 230, -4,950, -609, -47, 801, 848, -560, 5, -565
-2,785, -871, 4,770, 5,641, -1,893, 338, -2,231, -317, -163, 485, 648, -149, 25, -174
584, 2,074, 6,750, 4,676, -1,491, -361, -1,130, 462, 228, 702, 474, 235, -48, 283
-1,266, 2,754, 11,659, 8,905, -3,972, 12, -3,984, -658, 94, 1,111, 1,017, -750, 6, -756
-6,333, -169, 9,641, 9,810, -6,179, 317, -6,496, -838, -204, 950, 1,154, -631, 24, -655
-287, 462, 2,573, 2,111, -740, 211, -951, 77, 49, 266, 217, 30, 15, 15
1,252, 2,581, 3,664, 1,083, -1,346, 225, -1,571, 247, 288, 388, 100, -41, 24, -65
-7,870, -1,525, 14,631, 16,156, -6,322, 555, -6,877, -818, -205, 1,485, 1,690, -611, 47, -658
-452, 491, 2,894, 2,403, -936, 89, -1,025, -81, 45, 295, 250, -127, 9, -136
-655, 294, 4,056, 3,762, -928, 953, -1,881, -22, 44, 436, 392, -67, 87, -154
68, 1,354, 4,164, 2,810, -1,292, 41, -1,333, -89, 83, 391, 308, -172, -6, -166
6,658, 1,544, 5,037, 3,493, 4,974, 356, 4,618, 477, 118, 513, 395, 361, 19, 342
-1,079, 1,525, 6,137, 4,612, -2,604, 702, -3,306, 29, 102, 648, 546, -71, 18, -89
-2,463, -1,203, 10,317, 11,520, -1,191, 37, -1,228, -294, -179, 1,042, 1,221, -109, -12, -97
2,578, -2,948, 3,443, 6,391, 5,505, -328, 5,833, 1,337, -356, 379, 735, 1,684, -63, 1,747
144, -1,310, 7,753, 9,063, 1,492, 89, 1,403, 478, -207, 826, 1,033, 681, -24, 705
-717, -752, 5,460, 6,212, 67, 293, -226, -239, -166, 588, 754, -72, 32, -104
-726, 472, 2,963, 2,491, -1,232, 90, -1,322, -209, 4, 267, 263, -216, -1, -215
3,235, 840, 5,289, 4,449, 2,396, 48, 2,348, -14, 82, 587, 505, -94, -7, -87
-4, -1,216, 3,046, 4,262, 1,241, 21, 1,220, 9, -181, 300, 481, 192, -5, 197
68, 388, 6,062, 5,674, -303, 31, -334, 130, -42, 619, 661, 174, 2, 172
-1,991, 35, 2,466, 2,431, -2,042, 12, -2,054, -288, 26, 248, 222, -315, -3, -312
426, -1,531, 5,452, 6,983, 1,994, 212, 1,782, 217, -297, 514, 811, 513, 9, 504
3,089, 1,071, 2,322, 1,251, 2,001, 1,825, 176, 95, 93, 251, 158, 1, 236, -235
2,280, 745, 1,730, 985, 1,496, 620, 876, 484, 81, 187, 106, 401, 51, 350
-54, 258, 3,364, 3,106, -306, 100, -406, -6, 13, 340, 327, -19, 4, -23
-1,389, 57, 3,454, 3,397, -1,453, 128, -1,581, -130, 18, 382, 364, -149, 26, -175
-204, -31, 5,861, 5,892, -151, -200, 49, 212, -71, 610, 681, 285, -30, 315
636, 1,025, 2,531, 1,506, -388, -33, -355, -76, 97, 265, 168, -174, -2, -172
12,630, -387, 9,688, 10,075, 12,924, 799, 12,125, 2,075, -30, 1,139, 1,169, 2,101, 78, 2,023
-317, 659, 4,479, 3,820, -970, 963, -1,933, -93, 87, 448, 361, -183, 85, -268
-2,800, 1,667, 4,510, 2,843, -4,540, 142, -4,682, -225, 128, 427, 299, -354, 0, -354
235, 610, 5,137, 4,527, -391, 209, -600, -5, 90, 561, 471, -93, 10, -103
-1,646, 595, 7,100, 6,505, -2,229, 779, -3,008, -194, 12, 756, 744, -204, 49, -253
-792, 1,158, 5,419, 4,261, -1,949, 329, -2,278, -38, 105, 582, 477, -143, 56, -199
-1,876, -644, 6,006, 6,650, -1,216, 162, -1,378, -283, -141, 615, 756, -137, 13, -150
-3,024, 216, 5,610, 5,394, -3,237, 19, -3,256, -406, -39, 537, 576, -365, -2, -363
-3,297, -135, 3,852, 3,987, -3,221, 276, -3,497, -66, 10, 422, 412, -74, 32, -106
-1,132, -395, 6,594, 6,989, -685, -15, -670, -241, -135, 635, 770, -106, 1, -107
-1,340, 1,195, 2,596, 1,401, -2,592, 368, -2,960, -259, 108, 253, 145, -369, 34, -403
5,935, -2,818, 6,116, 8,934, 8,734, 503, 8,231, 780, -429, 632, 1,061, 1,206, 44, 1,162
-92, 757, 2,649, 1,892, -845, 281, -1,126, -214, 44, 262, 218, -259, 8, -267
-4,336, -891, 8,120, 9,011, -3,446, 219, -3,665, -166, -133, 825, 958, -31, 8, -39
-6,931, -5,037, 12,805, 17,842, -1,787, 464, -2,251, -456, -496, 1,282, 1,778, 50, 23, 27
-940, 519, 2,560, 2,041, -1,482, 68, -1,550, 230, 47, 231, 184, 182, 2, 180
3,426, -309, 1,983, 2,292, 3,708, -54, 3,762, 579, -7, 259, 266, 585, -11, 596
5,326, 1,551, 3,984, 2,433, 3,691, 3,739, -48, 421, 151, 390, 239, 272, 393, -121
-2,095, 207, 8,627, 8,420, -2,266, 215, -2,481, -251, -52, 901, 953, -196, 16, -212
-778, 1,176, 2,724, 1,548, -1,965, 112, -2,077, -92, 69, 252, 183, -163, 5, -168
1,644, 1,179, 7,041, 5,862, 505, -131, 636, 1,066, 78, 739, 661, 985, -29, 1,014
156, 346, 4,745, 4,399, -162, 110, -272, 41, 49, 503, 454, -7, 3, -10
2,221, 9,669, 11,868, 2,199, -7,529, 301, -7,830, 590, 1,058, 1,291, 233, -463, -7, -456
-3,112, -628, 7,229, 7,857, -2,466, 303, -2,769, -162, -109, 757, 866, -52, 70, -122
9,501, 2,067, 10,636, 8,569, 7,365, 653, 6,712, 836, 169, 1,123, 954, 668, 3, 665
3,666, 8,374, 12,035, 3,661, -4,744, 754, -5,498, 384, 778, 1,178, 400, -397, -10, -387
-862, 1,255, 5,266, 4,011, -2,137, -32, -2,105, -300, 20, 505, 485, -319, -3, -316
-7,237, -1,706, 7,040, 8,746, -5,551, 194, -5,745, -839, -290, 713, 1,003, -549, 16, -565
-2,847, 275, 4,920, 4,645, -3,154, 122, -3,276, -138, 30, 525, 495, -167, 5, -172
-1,818, 42, 5,087, 5,045, -1,849, 34, -1,883, -59, 3, 559, 556, -61, 3, -64
352, -969, 2,240, 3,209, 1,255, -18, 1,273, 64, -172, 193, 365, 236, -11, 247
-1,463, 2,909, 5,555, 2,646, -4,461, 59, -4,520, -515, 208, 506, 298, -727, 23, -750
-551, 669, 4,748, 4,079, -1,246, 1,736, -2,982, 22, 40, 461, 421, -18, 173, -191
3,296, -3,255, 10,023, 13,278, 6,637, -47, 6,684, 866, -408, 1,065, 1,473, 1,274, -35, 1,309
-1,033, 2,282, 8,366, 6,084, -3,293, 509, -3,802, 61, 184, 819, 635, -122, 26, -148
-921, -229, 1,689, 1,918, -695, 138, -833, 54, -33, 174, 207, 89, 18, 71
1,477, 2,092, 9,877, 7,785, -606, 681, -1,287, 357, 186, 1,023, 837, 172, 9, 163
2, 1,711, 5,230, 3,519, -1,716, 1,202, -2,918, -370, 99, 516, 417, -471, 85, -556
-3,469, -1,379, 4,906, 6,285, -2,077, 113, -2,190, -405, -171, 498, 669, -234, 8, -242
1,625, 2,507, 5,180, 2,673, -910, 322, -1,232, 842, 203, 526, 323, 637, 30, 607
4,154, 4,249, 7,342, 3,093, -117, 559, -676, 1,015, 396, 768, 372, 616, -29, 645
-2,036, -819, 2,772, 3,591, -1,210, 11, -1,221, -200, -91, 268, 359, -108, 1, -109
-5,969, -1,480, 9,886, 11,366, -4,458, 69, -4,527, -590, -204, 982, 1,186, -383, -1, -382
-1,767, 1,692, 7,285, 5,593, -3,444, 191, -3,635, -211, 164, 721, 557, -375, 3, -378
4,862, -133, 3,769, 3,902, 4,969, 21, 4,948, 1,034, -12, 426, 438, 1,044, -13, 1,057
-2,797, -1,347, 7,282, 8,629, -1,405, 193, -1,598, -247, -138, 778, 916, -106, -6, -100
3,930, 2,196, 7,321, 5,125, 1,751, 599, 1,152, 571, 211, 774, 563, 360, 56, 304
-1,323, -114, 3,195, 3,309, -1,224, 274, -1,498, -112, -56, 318, 374, -54, 3, -57
-2,377, 162, 6,539, 6,377, -2,535, 198, -2,733, -471, -93, 632, 725, -377, 16, -393
-1,442, 754, 4,666, 3,912, -2,201, 200, -2,401, -307, 81, 475, 394, -387, 23, -410
-1,597, -1,121, 5,239, 6,360, -431, 147, -578, 5, -113, 562, 675, 121, -7, 128
-322, -272, 2,583, 2,855, -44, 107, -151, 89, -48, 262, 310, 137, 20, 117
1,667, 1,266, 8,890, 7,624, 419, 272, 147, 372, 44, 881, 837, 333, -27, 360
125, 1,359, 5,384, 4,025, -1,209, 288, -1,497, -102, 153, 577, 424, -255, 15, -270
651, 632, 3,904, 3,272, 56, 141, -85, -146, 41, 426, 385, -186, 5, -191
-6,617, -178, 4,760, 4,938, -6,484, 6, -6,490, -1,098, -104, 438, 542, -997, 5, -1,002
5,261, -1,048, 7,071, 8,119, 6,311, 918, 5,393, 1,239, -257, 701, 958, 1,493, 150, 1,343
-1,232, 204, 3,351, 3,147, -1,431, 126, -1,557, -163, 5, 318, 313, -167, 8, -175
8,530, 410, 9,656, 9,246, 8,085, 1,395, 6,690, 355, -38, 1,025, 1,063, 399, 169, 230
1,855, 1,167, 5,431, 4,264, 708, 908, -200, 163, 135, 591, 456, 29, 114, -85
-732, 295, 4,900, 4,605, -1,005, 192, -1,197, 89, 88, 533, 445, 4, 8, -4
3,149, 756, 8,357, 7,601, 2,427, 239, 2,188, 79, 5, 846, 841, 78, 20, 58
-85, -922, 9,997, 10,919, 916, 463, 453, 428, -117, 1,102, 1,219, 548, 44, 504
4,656, 1,474, 5,848, 4,374, 3,185, 657, 2,528, 567, 196, 678, 482, 371, 88, 283
6,079, -144, 5,926, 6,070, 6,237, 1,032, 5,205, 1,388, -3, 666, 669, 1,388, 130, 1,258
1,361, 104, 3,026, 2,922, 1,270, 140, 1,130, 266, -38, 308, 346, 303, 14, 289
3,436, 5,361, 14,474, 9,113, -1,895, 514, -2,409, 682, 330, 1,447, 1,117, 355, 44, 311
-865, 1,574, 5,683, 4,109, -2,460, 551, -3,011, -32, 171, 613, 442, -205, 34, -239
-919, 651, 4,643, 3,992, -1,545, 30, -1,575, -261, 28, 482, 454, -286, -6, -280
-2,514, -367, 2,765, 3,132, -2,131, 58, -2,189, -305, -69, 256, 325, -231, -10, -221
-216, 633, 2,232, 1,599, -853, 81, -934, -109, 21, 203, 182, -130, 6, -136
1,918, -475, 6,922, 7,397, 2,449, 225, 2,224, 395, -36, 755, 791, 432, -2, 434
-4,284, -2,723, 6,235, 8,958, -1,498, 260, -1,758, -425, -300, 638, 938, -120, 17, -137
-890, -1,651, 4,283, 5,934, 784, 321, 463, 91, -155, 466, 621, 252, 20, 232
1,754, 36, 2,158, 2,122, 1,697, 299, 1,398, 117, -9, 224, 233, 127, 17, 110
-651, 91, 1,830, 1,739, -737, 39, -776, -90, 38, 201, 163, -129, 4, -133
591, -369, 1,473, 1,842, 974, 59, 915, 137, -31, 147, 178, 168, 5, 163
1,355, 2,179, 6,298, 4,119, -861, 861, -1,722, 239, 143, 660, 517, 96, 111, -15
9,365, 3,270, 8,052, 4,782, 5,980, 1,037, 4,943, 2,366, 329, 890, 561, 2,019, 84, 1,935
2,132, 1,022, 2,016, 994, 1,087, 480, 607, 131, 74, 207, 133, 57, 43, 14
4,803, 1,459, 4,475, 3,016, 3,307, 92, 3,215, 475, 145, 480, 335, 329, -7, 336
-300, 209, 2,109, 1,900, -518, 57, -575, 141, 22, 217, 195, 121, 6, 115
-3,326, -196, 5,861, 6,057, -3,128, -2, -3,126, -378, -39, 610, 649, -337, -7, -330
751, 1,537, 6,382, 4,845, -749, 822, -1,571, -78, 155, 658, 503, -233, 50, -283
4,437, 3,002, 8,191, 5,189, 1,453, 4,134, -2,681, -388, 223, 815, 592, -618, 396, -1,014
-645, 1,190, 2,886, 1,696, -1,846, 721, -2,567, -206, 138, 286, 148, -345, 40, -385
-339, 1,502, 7,324, 5,822, -1,821, 320, -2,141, 52, 144, 726, 582, -91, 22, -113
1,921, 640, 4,239, 3,599, 1,290, -70, 1,360, 346, 58, 444, 386, 287, -9, 296
-1,233, -263, 2,673, 2,936, -977, 50, -1,027, 7, -11, 299, 310, 18, 5, 13
-3,633, -2,066, 8,727, 10,793, -1,497, 220, -1,717, -237, -205, 888, 1,093, -26, -8, -18
-4,322, 638, 2,774, 2,136, -5,081, 115, -5,196, -45, 79, 281, 202, -126, 7, -133
-499, 216, 1,853, 1,637, -719, 124, -843, -85, 14, 187, 173, -100, 15, -115
1,665, 803, 5,469, 4,666, 884, 343, 541, 50, 22, 556, 534, 31, 42, -11
-2,375, -1,177, 7,978, 9,155, -1,152, 321, -1,473, -159, -200, 844, 1,044, 46, 32, 14
-210, 18, 2,763, 2,745, -205, 175, -380, 24, -46, 271, 317, 72, -14, 86
-2,491, -634, 3,185, 3,819, -1,857, 31, -1,888, -349, -72, 324, 396, -276, -1, -275
1,471, -56, 2,829, 2,885, 1,532, 69, 1,463, 250, 0, 299, 299, 251, 3, 248
-829, -411, 2,990, 3,401, -414, -18, -396, 135, -94, 306, 400, 234, -4, 238
-272, 567, 5,253, 4,686, -809, 190, -999, 117, 15, 531, 516, 105, 18, 87
-1,564, -46, 5,416, 5,462, -1,513, 466, -1,979, -16, 28, 589, 561, -42, 34, -76
508, 1,517, 5,219, 3,702, -1,056, 21, -1,077, 102, 135, 554, 419, -34, -4, -30
-228, -357, 2,846, 3,203, 142, 3, 139, -82, -39, 317, 356, -42, 0, -42
-9,547, -3,159, 13,334, 16,493, -6,375, 2,276, -8,651, -762, -456, 1,382, 1,838, -299, 263, -562
7,286, -403, 13,131, 13,534, 7,712, 306, 7,406, 842, -73, 1,402, 1,475, 918, 15, 903
213, 497, 3,463, 2,966, -313, 947, -1,260, -128, 6, 345, 339, -131, 79, -210
1,008, -1,690, 7,428, 9,118, 2,792, 101, 2,691, 247, -208, 778, 986, 462, -3, 465
5,007, -900, 10,386, 11,286, 5,949, 242, 5,707, 947, 8, 1,172, 1,164, 941, 36, 905
4,595, 3,725, 20,110, 16,385, 940, 339, 601, 420, 320, 2,101, 1,781, 109, 50, 59
-1,101, 1,685, 9,521, 7,836, -2,718, -153, -2,565, -652, 73, 933, 860, -720, -60, -660
-1,657, -673, 2,858, 3,531, -978, -16, -962, -8, -84, 294, 378, 79, -1, 80
-1,738, -384, 3,195, 3,579, -1,353, 9, -1,362, -205, -89, 328, 417, -116, 5, -121
-1,216, 98, 3,752, 3,654, -1,312, 89, -1,401, 100, 14, 412, 398, 90, 3, 87
336, 1,413, 3,701, 2,288, -1,054, 146, -1,200, -46, 125, 378, 253, -171, -36, -135
-484, 185, 3,099, 2,914, -661, 72, -733, 22, 44, 339, 295, -21, -1, -20
204, 443, 1,355, 912, -247, 200, -447, 87, 51, 131, 80, 37, -1, 38
3,146, 3,880, 5,965, 2,085, -822, 151, -973, 329, 305, 536, 231, 25, 15, 10
-766, 81, 1,515, 1,434, -858, 78, -936, -8, 11, 154, 143, -18, 2, -20
-3,389, 835, 5,682, 4,847, -4,224, 152, -4,376, -712, 58, 576, 518, -770, 16, -786
-349, 928, 4,530, 3,602, -1,270, -18, -1,252, -68, 80, 474, 394, -146, -14, -132
-1,846, 94, 4,143, 4,049, -1,941, 116, -2,057, -2, -4, 390, 394, 3, 20, -17
797, 184, 1,510, 1,326, 615, 2, 613, 3, 25, 171, 146, -20, -1, -19
-1,892, -796, 3,112, 3,908, -1,092, 66, -1,158, -202, -100, 306, 406, -103, 10, -113
-513, 362, 2,353, 1,991, -869, -63, -806, -89, 54, 263, 209, -144, -12, -132
-261, 651, 5,111, 4,460, -899, 262, -1,161, -80, 66, 559, 493, -147, 18, -165
-2,620, -982, 3,714, 4,696, -1,618, 87, -1,705, -360, -114, 417, 531, -245, 5, -250
1,497, 2,915, 6,608, 3,693, -1,425, 1,029, -2,454, 441, 308, 686, 378, 135, 41, 94
2,101, 3,086, 9,530, 6,444, -924, 502, -1,426, 40, 305, 1,029, 724, -261, 85, -346
1,697, 1,875, 4,951, 3,076, -163, 160, -323, 73, 212, 539, 327, -142, 21, -163
-790, -1,057, 4,392, 5,449, 310, 15, 295, -62, -189, 439, 628, 131, 3, 128
-509, -98, 3,193, 3,291, -391, 96, -487, -128, 21, 330, 309, -147, 4, -151
1,049, 1,622, 4,459, 2,837, -559, 220, -779, 70, 145, 435, 290, -73, 4, -77
1,081, 1,945, 8,070, 6,125, -810, 335, -1,145, -280, 141, 835, 694, -422, 28, -450
-800, 1,603, 3,529, 1,926, -2,431, 313, -2,744, -231, 146, 339, 193, -378, -2, -376
141, 725, 6,764, 6,039, -582, -12, -570, 224, 58, 739, 681, 166, -14, 180
1,463, 1,378, 4,079, 2,701, 56, 540, -484, 8, 121, 398, 277, -113, 55, -168
-269, 81, 4,732, 4,651, -320, 101, -421, -9, -4, 504, 508, -2, 9, -11
-1,332, -83, 2,083, 2,166, -1,246, 36, -1,282, -88, -21, 209, 230, -66, 4, -70
1,638, 843, 9,303, 8,460, 857, 57, 800, 318, -23, 924, 947, 343, -23, 366
15,190, 3,400, 5,527, 2,127, 11,403, 170, 11,233, 2,120, 491, 725, 234, 1,624, 23, 1,601
960, 1,809, 5,364, 3,555, -844, 1,690, -2,534, 289, 198, 568, 370, 93, 193, -100
-80, 542, 4,617, 4,075, -610, 115, -725, -117, 12, 470, 458, -126, 3, -129
577, 974, 8,873, 7,899, -334, 689, -1,023, 409, 0, 944, 944, 413, 77, 336
-1,401, 91, 4,055, 3,964, -1,494, 337, -1,831, -241, -20, 393, 413, -221, 19, -240
310, 1,160, 2,304, 1,144, -879, 2, -881, 53, 109, 221, 112, -56, -1, -55
-977, 519, 4,348, 3,829, -1,502, 521, -2,023, -251, 16, 456, 440, -267, 25, -292
-1,751, 485, 7,627, 7,142, -2,226, 220, -2,446, 45, 74, 798, 724, -25, 17, -42
-165, 852, 3,117, 2,265, -1,056, 295, -1,351, -181, 17, 290, 273, -199, 29, -228
1,194, 3,917, 14,085, 10,168, -2,673, 877, -3,550, -80, 296, 1,446, 1,150, -377, 47, -424
251, 1,745, 3,415, 1,670, -1,524, 1,377, -2,901, -115, 196, 382, 186, -312, 87, -399
376, 404, 2,489, 2,085, -10, 57, -67, 55, 54, 261, 207, 3, 1, 2
129, 515, 9,519, 9,004, -326, 541, -867, 84, 31, 1,002, 971, 58, 43, 15
161, 1,654, 2,501, 847, -1,501, 15, -1,516, 30, 104, 214, 110, -75, -9, -66
